species,feature,total_n,non_null_n,null_n,coverage_pct,null_rate_pct,cardinality,dominant_share_pct
dogs,activityLevel,31622,7376,24246,23.33,76.67,4,74.44
cats,activityLevel,30968,6455,24513,20.84,79.16,4,70.18
dogs,adoptedDate,31622,483,31139,1.53,98.47,386,4.55
cats,adoptedDate,30968,491,30477,1.59,98.41,333,7.33
dogs,adoptionFeeString,31622,5921,25701,18.72,81.28,467,5.07
cats,adoptionFeeString,30968,5816,25152,18.78,81.22,289,5.43
dogs,adultSexesOk,31622,7002,24620,22.14,77.86,3,99.0
cats,adultSexesOk,30968,5815,25153,18.78,81.22,3,99.81
dogs,ageGroup,31622,30440,1182,96.26,3.74,4,52.45
cats,ageGroup,30968,29183,1785,94.24,5.76,4,36.55
dogs,ageString,31622,21289,10333,67.32,32.68,368,6.34
cats,ageString,30968,20020,10948,64.65,35.35,406,3.55
dogs,availableDate,31622,2230,29392,7.05,92.95,760,8.61
cats,availableDate,30968,2130,28838,6.88,93.12,662,5.45
dogs,birthDate,31622,21289,10333,67.32,32.68,4014,0.4
cats,birthDate,30968,20021,10947,64.65,35.35,3372,0.7
dogs,breedPrimary,31622,30896,726,97.7,2.3,227,13.16
cats,breedPrimary,30968,30842,126,99.59,0.41,49,75.02
dogs,breedPrimaryId,31622,30896,726,97.7,2.3,227,13.16
cats,breedPrimaryId,30968,30842,126,99.59,0.41,49,75.02
dogs,breedSecondary,31622,8383,23239,26.51,73.49,191,10.04
cats,breedSecondary,30968,4234,26734,13.67,86.33,46,46.69
dogs,breedSecondaryId,31622,8383,23239,26.51,73.49,191,10.04
cats,breedSecondaryId,30968,4234,26734,13.67,86.33,46,46.69
dogs,breedString,31622,31622,0,100.0,0.0,4238,4.32
cats,breedString,30968,30968,0,100.0,0.0,751,21.21
dogs,coatLength,31622,23565,8057,74.52,25.48,3,62.1
cats,coatLength,30968,24167,6801,78.04,21.96,3,60.48
dogs,colorDetails,31622,1092,30530,3.45,96.55,645,4.67
cats,colorDetails,30968,3575,27393,11.54,88.46,1680,5.09
dogs,createdDate,31622,31622,0,100.0,0.0,30387,0.05
cats,createdDate,30968,30968,0,100.0,0.0,28886,0.09
dogs,descriptionHtml,31622,21975,9647,69.49,30.51,20883,0.46
cats,descriptionHtml,30968,22577,8391,72.9,27.1,20730,0.81
dogs,descriptionText,31622,21188,10434,67.0,33.0,20030,0.14
cats,descriptionText,30968,22058,8910,71.23,28.77,20242,0.44
dogs,distinguishingMarks,31622,243,31379,0.77,99.23,128,25.51
cats,distinguishingMarks,30968,300,30668,0.97,99.03,214,9.67
dogs,earType,31622,2323,29299,7.35,92.65,9,29.96
cats,earType,30968,1430,29538,4.62,95.38,6,66.99
dogs,energyLevel,31622,6893,24729,21.8,78.2,3,77.91
cats,energyLevel,30968,5250,25718,16.95,83.05,3,74.63
dogs,exerciseNeeds,31622,6264,25358,19.81,80.19,4,77.03
cats,exerciseNeeds,30968,4049,26919,13.07,86.93,4,37.64
dogs,eyeColor,31622,2055,29567,6.5,93.5,11,67.1
cats,eyeColor,30968,1599,29369,5.16,94.84,12,42.9
dogs,fenceNeeds,31622,4788,26834,15.14,84.86,4,36.74
cats,fenceNeeds,30968,3983,26985,12.86,87.14,3,99.05
dogs,foundDate,31622,169,31453,0.53,99.47,131,4.73
cats,foundDate,30968,365,30603,1.18,98.82,242,3.56
dogs,foundPostalcode,31622,137,31485,0.43,99.57,61,13.14
cats,foundPostalcode,30968,504,30464,1.63,98.37,167,9.13
dogs,groomingNeeds,31622,5004,26618,15.82,84.18,4,54.8
cats,groomingNeeds,30968,4608,26360,14.88,85.12,4,49.15
dogs,housetrainedReasonNot,31622,1023,30599,3.24,96.76,338,7.04
cats,housetrainedReasonNot,30968,117,30851,0.38,99.62,37,35.04
dogs,indoorOutdoor,31622,6114,25508,19.33,80.67,3,51.5
cats,indoorOutdoor,30968,8328,22640,26.89,73.11,3,97.99
dogs,isAdoptionPending,31622,31622,0,100.0,0.0,2,99.67
cats,isAdoptionPending,30968,30968,0,100.0,0.0,2,99.92
dogs,isBirthDateExact,31622,31622,0,100.0,0.0,2,98.42
cats,isBirthDateExact,30968,30968,0,100.0,0.0,2,98.17
dogs,isBreedMixed,31622,28987,2635,91.67,8.33,2,75.06
cats,isBreedMixed,30968,21689,9279,70.04,29.96,2,53.76
dogs,isCatsOk,31622,7101,24521,22.46,77.54,2,65.3
cats,isCatsOk,30968,15348,15620,49.56,50.44,2,94.75
dogs,isCourtesyListing,31622,31622,0,100.0,0.0,2,96.94
cats,isCourtesyListing,30968,30968,0,100.0,0.0,2,97.57
dogs,isCurrentVaccinations,31622,12226,19396,38.66,61.34,2,95.08
cats,isCurrentVaccinations,30968,13903,17065,44.89,55.11,2,96.05
dogs,isDeclawed,31622,6230,25392,19.7,80.3,2,98.96
cats,isDeclawed,30968,16357,14611,52.82,47.18,2,99.5
dogs,isDogsOk,31622,14073,17549,44.5,55.5,2,93.1
cats,isDogsOk,30968,6297,24671,20.33,79.67,2,82.93
dogs,isFound,31622,31622,0,100.0,0.0,2,99.5
cats,isFound,30968,30968,0,100.0,0.0,2,98.31
dogs,isHousetrained,31622,10211,21411,32.29,67.71,2,78.94
cats,isHousetrained,30968,16768,14200,54.15,45.85,2,99.25
dogs,isKidsOk,31622,10534,21088,33.31,66.69,2,90.38
cats,isKidsOk,30968,9040,21928,29.19,70.81,2,89.87
dogs,isNeedingFoster,31622,13359,18263,42.25,57.75,2,89.89
cats,isNeedingFoster,30968,14829,16139,47.88,52.12,2,95.29
dogs,isSpecialNeeds,31622,10203,21419,32.27,67.73,2,94.37
cats,isSpecialNeeds,30968,13993,16975,45.19,54.81,2,95.19
dogs,isSponsorable,31622,31622,0,100.0,0.0,2,89.95
cats,isSponsorable,30968,30968,0,100.0,0.0,2,89.34
dogs,isYardRequired,31622,4569,27053,14.45,85.55,2,69.51
cats,isYardRequired,30968,4009,26959,12.95,87.05,2,99.53
dogs,killDate,31622,45,31577,0.14,99.86,16,13.33
cats,killDate,30968,20,30948,0.06,99.94,13,20.0
dogs,killReason,31622,1966,29656,6.22,93.78,1,100.0
cats,killReason,30968,1987,28981,6.42,93.58,1,100.0
dogs,name,31622,31622,0,100.0,0.0,16783,0.22
cats,name,30968,30968,0,100.0,0.0,18805,0.15
dogs,newPeopleReaction,31622,7859,23763,24.85,75.15,4,83.74
cats,newPeopleReaction,30968,7577,23391,24.47,75.53,4,81.42
dogs,obedienceTraining,31622,5279,26343,16.69,83.31,3,50.22
cats,obedienceTraining,30968,1939,29029,6.26,93.74,3,73.49
dogs,ownerExperience,31622,4475,27147,14.15,85.85,3,44.94
cats,ownerExperience,30968,3554,27414,11.48,88.52,3,73.44
dogs,pictureCount,31622,31622,0,100.0,0.0,26,47.5
cats,pictureCount,30968,30968,0,100.0,0.0,26,42.34
dogs,pictureThumbnailUrl,31622,31146,476,98.49,1.51,31146,0.0
cats,pictureThumbnailUrl,30968,29533,1435,95.37,4.63,29533,0.0
dogs,priority,31622,31622,0,100.0,0.0,11,98.99
cats,priority,30968,30968,0,100.0,0.0,11,99.12
dogs,qualities,31622,7487,24135,23.68,76.32,4305,3.41
cats,qualities,30968,7296,23672,23.56,76.44,2239,3.88
dogs,rescueId,31622,20779,10843,65.71,34.29,18717,0.28
cats,rescueId,30968,19684,11284,63.56,36.44,17199,0.51
dogs,searchString,31622,31622,0,100.0,0.0,31203,0.09
cats,searchString,30968,30968,0,100.0,0.0,30859,0.01
dogs,sex,31622,31327,295,99.07,0.93,2,53.1
cats,sex,30968,30417,551,98.22,1.78,2,53.77
dogs,sheddingLevel,31622,3638,27984,11.5,88.5,3,88.48
cats,sheddingLevel,30968,3329,27639,10.75,89.25,3,97.06
dogs,sizeCurrent,31622,7078,24544,22.38,77.62,568,5.92
cats,sizeCurrent,30968,2895,28073,9.35,90.65,405,5.77
dogs,sizeGroup,31622,28425,3197,89.89,10.11,4,43.81
cats,sizeGroup,30968,22941,8027,74.08,25.92,4,52.82
dogs,sizePotential,31622,2186,29436,6.91,93.09,156,12.49
cats,sizePotential,30968,419,30549,1.35,98.65,35,33.41
dogs,sizeUOM,31622,11902,19720,37.64,62.36,4,99.9
cats,sizeUOM,30968,12947,18021,41.81,58.19,3,99.79
dogs,slug,31622,31622,0,100.0,0.0,25810,0.35
cats,slug,30968,30968,0,100.0,0.0,18463,3.06
dogs,specialNeedsDetails,31622,343,31279,1.08,98.92,306,2.33
cats,specialNeedsDetails,30968,306,30662,0.99,99.01,224,5.56
dogs,sponsors,31622,164,31458,0.52,99.48,93,10.98
cats,sponsors,30968,64,30904,0.21,99.79,31,45.31
dogs,sponsorshipDetails,31622,285,31337,0.9,99.1,116,11.23
cats,sponsorshipDetails,30968,703,30265,2.27,97.73,130,13.09
dogs,sponsorshipMinimum,31622,1372,30250,4.34,95.66,31,23.4
cats,sponsorshipMinimum,30968,1785,29183,5.76,94.24,20,27.0
dogs,summary,31622,898,30724,2.84,97.16,644,4.23
cats,summary,30968,1279,29689,4.13,95.87,901,6.41
dogs,tailType,31622,2329,29293,7.37,92.63,8,84.11
cats,tailType,30968,1470,29498,4.75,95.25,7,96.53
dogs,trackerimageUrl,31622,3106,28516,9.82,90.18,3106,0.03
cats,trackerimageUrl,30968,3197,27771,10.32,89.68,3197,0.03
dogs,updatedDate,31622,31622,0,100.0,0.0,29594,0.06
cats,updatedDate,30968,30968,0,100.0,0.0,28414,0.18
dogs,url,31622,5511,26111,17.43,82.57,5511,0.02
cats,url,30968,6039,24929,19.5,80.5,6039,0.02
dogs,videoCount,31622,31622,0,100.0,0.0,15,94.96
cats,videoCount,30968,30968,0,100.0,0.0,11,96.19
dogs,videoUrlCount,31622,31622,0,100.0,0.0,15,92.81
cats,videoUrlCount,30968,30968,0,100.0,0.0,11,95.77
dogs,vocalLevel,31622,3831,27791,12.11,87.89,3,73.48
cats,vocalLevel,30968,3415,27553,11.03,88.97,3,61.41
