feature,dogs_coverage_pct,dogs_cardinality,dogs_dominant_share_pct,cats_coverage_pct,cats_cardinality,cats_dominant_share_pct,coverage_gap_pct_points,minimum_species_coverage_pct,recommendation
ageGroup,96.26,4,52.45,94.24,4,36.55,2.02,94.24,candidate
sex,99.07,2,53.1,98.22,2,53.77,0.85,98.22,candidate
sizeGroup,89.89,4,43.81,74.08,4,52.82,15.81,74.08,candidate
coatLength,74.52,3,62.1,78.04,3,60.48,3.52,74.52,candidate
breedPrimary,97.7,227,13.16,99.59,49,75.02,1.89,97.7,experimental
activityLevel,23.33,4,74.44,20.84,4,70.18,2.49,20.84,experimental
energyLevel,21.8,3,77.91,16.95,3,74.63,4.85,16.95,experimental
exerciseNeeds,19.81,4,77.03,13.07,4,37.64,6.74,13.07,experimental
newPeopleReaction,24.85,4,83.74,24.47,4,81.42,0.38,24.47,experimental
isDogsOk,44.5,2,93.1,20.33,2,82.93,24.17,20.33,experimental
isCatsOk,22.46,2,65.3,49.56,2,94.75,27.1,22.46,experimental
isKidsOk,33.31,2,90.38,29.19,2,89.87,4.12,29.19,experimental
isSeniorsOk,0.0,0,,0.0,0,,0.0,0.0,exclude_or_text_only
isHousetrained,32.29,2,78.94,54.15,2,99.25,21.86,32.29,experimental
obedienceTraining,16.69,3,50.22,6.26,3,73.49,10.43,6.26,exclude_or_text_only
ownerExperience,14.15,3,44.94,11.48,3,73.44,2.67,11.48,experimental
isYardRequired,14.45,2,69.51,12.95,2,99.53,1.5,12.95,experimental
fenceNeeds,15.14,4,36.74,12.86,3,99.05,2.28,12.86,experimental
indoorOutdoor,19.33,3,51.5,26.89,3,97.99,7.56,19.33,experimental
vocalLevel,12.11,3,73.48,11.03,3,61.41,1.08,11.03,experimental
groomingNeeds,15.82,4,54.8,14.88,4,49.15,0.94,14.88,experimental
isSpecialNeeds,32.27,2,94.37,45.19,2,95.19,12.92,32.27,experimental
