feature,dogs_coverage_pct,dogs_cardinality,dogs_dominant_share_pct,cats_coverage_pct,cats_cardinality,cats_dominant_share_pct,coverage_gap_pct_points
activityLevel,23.33,4,74.44,20.84,4,70.18,2.49
adoptedDate,1.53,386,4.55,1.59,333,7.33,0.06
adoptionFeeString,18.72,467,5.07,18.78,289,5.43,0.06
adultSexesOk,22.14,3,99.0,18.78,3,99.81,3.36
ageGroup,96.26,4,52.45,94.24,4,36.55,2.02
ageString,67.32,368,6.34,64.65,406,3.55,2.67
availableDate,7.05,760,8.61,6.88,662,5.45,0.17
birthDate,67.32,4014,0.4,64.65,3372,0.7,2.67
breedPrimary,97.7,227,13.16,99.59,49,75.02,1.89
breedPrimaryId,97.7,227,13.16,99.59,49,75.02,1.89
breedSecondary,26.51,191,10.04,13.67,46,46.69,12.84
breedSecondaryId,26.51,191,10.04,13.67,46,46.69,12.84
breedString,100.0,4238,4.32,100.0,751,21.21,0.0
coatLength,74.52,3,62.1,78.04,3,60.48,3.52
colorDetails,3.45,645,4.67,11.54,1680,5.09,8.09
createdDate,100.0,30387,0.05,100.0,28886,0.09,0.0
descriptionHtml,69.49,20883,0.46,72.9,20730,0.81,3.41
descriptionText,67.0,20030,0.14,71.23,20242,0.44,4.23
distinguishingMarks,0.77,128,25.51,0.97,214,9.67,0.2
earType,7.35,9,29.96,4.62,6,66.99,2.73
energyLevel,21.8,3,77.91,16.95,3,74.63,4.85
exerciseNeeds,19.81,4,77.03,13.07,4,37.64,6.74
eyeColor,6.5,11,67.1,5.16,12,42.9,1.34
fenceNeeds,15.14,4,36.74,12.86,3,99.05,2.28
foundDate,0.53,131,4.73,1.18,242,3.56,0.65
foundPostalcode,0.43,61,13.14,1.63,167,9.13,1.2
groomingNeeds,15.82,4,54.8,14.88,4,49.15,0.94
housetrainedReasonNot,3.24,338,7.04,0.38,37,35.04,2.86
indoorOutdoor,19.33,3,51.5,26.89,3,97.99,7.56
isAdoptionPending,100.0,2,99.67,100.0,2,99.92,0.0
isBirthDateExact,100.0,2,98.42,100.0,2,98.17,0.0
isBreedMixed,91.67,2,75.06,70.04,2,53.76,21.63
isCatsOk,22.46,2,65.3,49.56,2,94.75,27.1
isCourtesyListing,100.0,2,96.94,100.0,2,97.57,0.0
isCurrentVaccinations,38.66,2,95.08,44.89,2,96.05,6.23
isDeclawed,19.7,2,98.96,52.82,2,99.5,33.12
isDogsOk,44.5,2,93.1,20.33,2,82.93,24.17
isFound,100.0,2,99.5,100.0,2,98.31,0.0
isHousetrained,32.29,2,78.94,54.15,2,99.25,21.86
isKidsOk,33.31,2,90.38,29.19,2,89.87,4.12
isNeedingFoster,42.25,2,89.89,47.88,2,95.29,5.63
isSpecialNeeds,32.27,2,94.37,45.19,2,95.19,12.92
isSponsorable,100.0,2,89.95,100.0,2,89.34,0.0
isYardRequired,14.45,2,69.51,12.95,2,99.53,1.5
killDate,0.14,16,13.33,0.06,13,20.0,0.08
killReason,6.22,1,100.0,6.42,1,100.0,0.2
name,100.0,16783,0.22,100.0,18805,0.15,0.0
newPeopleReaction,24.85,4,83.74,24.47,4,81.42,0.38
obedienceTraining,16.69,3,50.22,6.26,3,73.49,10.43
ownerExperience,14.15,3,44.94,11.48,3,73.44,2.67
pictureCount,100.0,26,47.5,100.0,26,42.34,0.0
pictureThumbnailUrl,98.49,31146,0.0,95.37,29533,0.0,3.12
priority,100.0,11,98.99,100.0,11,99.12,0.0
qualities,23.68,4305,3.41,23.56,2239,3.88,0.12
rescueId,65.71,18717,0.28,63.56,17199,0.51,2.15
searchString,100.0,31203,0.09,100.0,30859,0.01,0.0
sex,99.07,2,53.1,98.22,2,53.77,0.85
sheddingLevel,11.5,3,88.48,10.75,3,97.06,0.75
sizeCurrent,22.38,568,5.92,9.35,405,5.77,13.03
sizeGroup,89.89,4,43.81,74.08,4,52.82,15.81
sizePotential,6.91,156,12.49,1.35,35,33.41,5.56
sizeUOM,37.64,4,99.9,41.81,3,99.79,4.17
slug,100.0,25810,0.35,100.0,18463,3.06,0.0
specialNeedsDetails,1.08,306,2.33,0.99,224,5.56,0.09
sponsors,0.52,93,10.98,0.21,31,45.31,0.31
sponsorshipDetails,0.9,116,11.23,2.27,130,13.09,1.37
sponsorshipMinimum,4.34,31,23.4,5.76,20,27.0,1.42
summary,2.84,644,4.23,4.13,901,6.41,1.29
tailType,7.37,8,84.11,4.75,7,96.53,2.62
trackerimageUrl,9.82,3106,0.03,10.32,3197,0.03,0.5
updatedDate,100.0,29594,0.06,100.0,28414,0.18,0.0
url,17.43,5511,0.02,19.5,6039,0.02,2.07
videoCount,100.0,15,94.96,100.0,11,96.19,0.0
videoUrlCount,100.0,15,92.81,100.0,11,95.77,0.0
vocalLevel,12.11,3,73.48,11.03,3,61.41,1.08
