sample_no,notice_id,species,shelter_name,status_raw,special_mark,behavior_mention,일반 기질(온순·얌전 등),사람 친화/반응,겁·경계·예민,공격성·입질,활동성,다른 개 적합성,고양이 적합성,아이 적합성,배변훈련,혼자 있는 시간/분리불안,특수 돌봄 필요(행동 아님),llm_note,human_check,human_comment
1,광주-광양-2026-00009,개,광양시 임시보호소,종료(입양),믹스 갈색+흰색 수컷 3개월추정(탈장으로인한 수술),N,0,0,0,0,0,0,0,0,0,0,0,,,
2,전북-남원-2026-00320,개,인월동물병원,종료(안락사),해당없음,N,0,0,0,0,0,0,0,0,0,0,0,,,
3,광주-담양-2026-00046,개,담양군 동물보호센터,보호중,"온순함,종합+코로나백신접종,사상충예방약복용;진드기구제제",Y,1,0,0,0,0,0,0,0,0,0,0,,,
4,부산-동래-2026-00227,개,(사)동부동물보호협회,종료(입양),"센터에서 케이프 착용, 순함",Y,1,0,0,0,0,0,0,0,0,0,0,,,
5,경기-화성-2026-01159,고양이,화성시민동물보호센터,종료(자연사),사람을 좋아하는 고양이/ 얌전하고 조용한 성격/ 다리가 아픈거 같아 관찰 필요,Y,1,1,0,0,0,0,0,0,0,0,1,,,
6,경기-안성-2026-00473,개,안성시동물보호센터,종료(반환),순하고 얌전함,Y,1,0,0,0,0,0,0,0,0,0,0,,,
7,전북-부안-2026-00582,개,부안군 동물보호센터,종료(입양),새끼 강아지.,N,0,0,0,0,0,0,0,0,0,0,0,,,
8,인천-서해-2026-00079,개,가정동물병원,종료(기증),"소유권 포기, 2마리 함께 입소, 털 엉킴 덜함, 살짝 예민, 그래도 예쁨, 사랑스러움",Y,0,0,1,0,0,0,0,0,0,0,0,,,
9,강원-철원-2026-00103,개,철원군,종료(자연사),경계심이 있으며 사람을 무서워함,Y,0,1,1,0,0,0,0,0,0,0,0,,,
10,경기-안성-2026-00363,고양이,안성시동물보호센터,종료(방사),민원인이 시청으로 신고해서 구조,N,0,0,0,0,0,0,0,0,0,0,0,,,
11,경기-연천-2026-00235,개,한국동물구조관리협회,보호중,코 검정. 칭얼거림. 눈곱. 우안 결막염. 온순. 활발. 저돌적. 와이어 목줄에 황토색 목걸이 착용.,Y,1,0,0,0,1,0,0,0,0,0,0,,,
12,광주-나주-2026-00203,고양이,나주유기동물보호센터,종료(입양),생후1개월정도로보임 온순함,Y,1,0,0,0,0,0,0,0,0,0,0,,,
13,전북-군산-2026-00595,개,군산유기동물보호센터,종료(반환),10살추정 순함 뒷다리 골절추정 칩x,Y,1,0,0,0,0,0,0,0,0,0,0,,,
14,광주-나주-2026-00113,고양이,나주유기동물보호센터,종료(자연사),생후3개월정도로보임,N,0,0,0,0,0,0,0,0,0,0,0,,,
15,서울-노원-2026-00114,고양이,한국동물구조관리협회,종료(입양),코 검정. 눈곱. 콧물. 털 상태 양호.,N,0,0,0,0,0,0,0,0,0,0,0,,,
16,충남-아산-2026-00281,개,아산동물복지지원센터,종료(반환),26-1605호(관리)281호(공고),N,0,0,0,0,0,0,0,0,0,0,0,,,
17,부산-서구-2026-00164,고양이,부산동물보호센터,종료(자연사),"매우기력없음,마른상태,탈수증상,서구2-112",N,0,0,0,0,0,0,0,0,0,0,0,,,
18,전북-정읍-2026-00331,개,정읍시 동물보호소,보호중,약간의 경계심 있음,Y,0,0,1,0,0,0,0,0,0,0,0,,,
19,대전-중구-2026-00108,개,대전동물보호센터,종료(자연사),특이사항 없음,N,0,0,0,0,0,0,0,0,0,0,0,,,
20,경북-경주-2026-00643,개,경주동물사랑보호센터,보호중,조금 소심하지만 적응하면 귀여워질 강쥐~!! 피부 약간 안좋음,Y,0,0,1,0,0,0,0,0,0,0,0,,,
21,강원-삼척-2026-00116,고양이,삼척시동물보호센터,종료(자연사),생후 2주 추정,N,0,0,0,0,0,0,0,0,0,0,0,,,
22,경기-하남-2026-00124,고양이,하남동물보호센터,종료(입양),"기력 저하 추정, 결막염 의심 증상",N,0,0,0,0,0,0,0,0,0,0,0,,,
23,대구-수성-2026-00435,기타,제니스동물병원,종료(입양),-,N,0,0,0,0,0,0,0,0,0,0,0,,,
24,부산-북구-2026-00277,개,부산동물보호센터,종료(반환),"빨강분홍목걸이착용,미용상태양호,사람을잘따름,온순한성격,북구1-64",Y,1,1,0,0,0,0,0,0,0,0,0,,,
25,대구-수성-2026-00460,개,제니스동물병원,종료(반환),순하고 착해요,Y,1,0,0,0,0,0,0,0,0,0,0,,,
26,광주-남구-2026-00013,고양이,광주동물보호센터,종료(입양),26-7313 3개월추정,N,0,0,0,0,0,0,0,0,0,0,0,,,
27,대전-서구-2026-00195,고양이,대전동물보호센터,종료(입양),.,N,0,0,0,0,0,0,0,0,0,0,0,,,
28,광주-광산-2026-00020,고양이,광주동물보호센터,종료(자연사),26-7304,N,0,0,0,0,0,0,0,0,0,0,0,,,
29,광주-담양-2026-00041,개,담양군 동물보호센터,보호중,"온순함,목줄있음,종합+광견병백신접종,심장사상충+진드기예방약복용",Y,1,0,0,0,0,0,0,0,0,0,0,,,
30,경기-화성-2026-01029,개,화성시민동물보호센터,보호중,순둥한 성격/ 겁은조금 있지만 사람을 좋아함/ 공격성 없음,Y,1,1,1,1,0,0,0,0,0,0,0,"공격성은 ""없음""(부정 서술)",,
31,경기-김포-2026-00298,개,한국동물구조관리협회,종료(안락사),온순. 활발. 애교 있음. 치석. 코 검정. 콧등 까짐. 꼬리 단미 안됨. 털 상태 양호.,Y,1,1,0,0,1,0,0,0,0,0,0,,,
32,경남-합천-2026-00270,개,태민동물보호센터,보호중,마을배회,N,0,0,0,0,0,0,0,0,0,0,0,,,
33,경기-화성-2026-01223,개,화성시민동물보호센터,종료(안락사),겁 많고 아직 환경에 낯설어하는듯한 믹스견/갈색 목줄 착용중/멋지게 생김,Y,0,0,1,0,0,0,0,0,0,0,0,,,
34,경북-칠곡-2026-00118,고양이,칠곡유기동물보호센터,종료(반환),아파트21층머물고있어구조 사람잘따르는 조용한아이,Y,1,1,0,0,0,0,0,0,0,0,0,,,
35,광주-서구-2026-00035,개,광주동물보호센터,종료(반환),"26-0462 꼬깜, 파란색 목줄 착용",N,0,0,0,0,0,0,0,0,0,0,0,,,
36,충남-논산-2026-00486,개,논산시 동물보호센터,보호중,"신고자센터방문,눈곱,기력없음,야윔,예후불량",N,0,0,0,0,0,0,0,0,0,0,0,,,
37,인천-서해-2026-00074,개,가정동물병원,종료(입양),"소유권포기,양측슬개골수술완료,대견성좋음,접종모두완료,분리불안살짝,너무예쁨",Y,0,0,0,0,0,1,0,0,0,1,0,,,
38,인천-강화-2026-00480,고양이,강화군 동물보호센터,보호중,생후3일령추정.눈못뜸.탯줄있음.검은얼굴삼색,N,0,0,0,0,0,0,0,0,0,0,0,,,
39,경북-고령-2026-00080,개,고령군 유기견 보호소,종료(자연사),들개무리생활중 태어남,N,0,0,0,0,0,0,0,0,0,0,0,,,
40,강원-영월-2026-00041,개,영월군 동물보호센터,보호중,온순함.,Y,1,0,0,0,0,0,0,0,0,0,0,,,
41,경남-고성-2026-00088,개,고성군 동물가족센터,종료(입양),관리번호 6-089,N,0,0,0,0,0,0,0,0,0,0,0,,,
42,인천-서해-2026-00044,개,가정동물병원,종료(입양),"2개월 추정, 벤츠밑에서 혼자 발견,귀엽고 사랑스러움,너무 얌전함,뽀시래기",Y,1,0,0,0,0,0,0,0,0,0,0,,,
43,울산-남구-2026-00378,고양이,주동물병원,종료(안락사),"외상으로 추정되는 후지마비, 식욕등은 괜찮으나 정상보행은 힘들듯보임",N,0,0,0,0,0,0,0,0,0,0,0,,,
44,충남-당진-2026-00452,개,당진시동물보호소,종료(입양),5주. 순함. 종합백신 1차완료(09/29),Y,1,0,0,0,0,0,0,0,0,0,0,,,
45,경기-평택-2026-00542,개,평택시동물보호센터,종료(반환),갈색목줄 착용,N,0,0,0,0,0,0,0,0,0,0,0,,,
46,부산-해운대-2026-00276,개,동부유기동물보호협회,종료(안락사),"예민함, 검+흰",Y,0,0,1,0,0,0,0,0,0,0,0,,,
47,전북-익산-2026-01150,개,익산유기동물보호소,종료(자연사),"생후 3개월정도된 진도믹스로, 어리고 순하며 토실토실함",Y,1,0,0,0,0,0,0,0,0,0,0,,,
48,광주-영광-2026-00064,개,영광동물보호센터,보호중,대덕힐링캠핑장에서 구조된 암컷 흰색 믹스 강아지,N,0,0,0,0,0,0,0,0,0,0,0,,,
49,대구-서구-2026-00468,고양이,대구수의사회(아이펫),종료(입양),6주령. 야윈 체격. 결막염. 온순,Y,1,0,0,0,0,0,0,0,0,0,0,,,
50,경북-영덕-2026-00163,개,영덕유기동물보호센터,보호중,"온순하고 사람을  잘 따름, 베이지색 목띠",Y,1,1,0,0,0,0,0,0,0,0,0,,,
51,경북-청도-2026-00195,개,청도군동물보호센터,종료(입양),작고귀여움,N,0,0,0,0,0,0,0,0,0,0,0,,,
52,경기-부천-2026-00299,개,24시아이동물메디컬,종료(반환),"(입소당시)유치잔존,단미X,내장칩있어 소유주 연결중",N,0,0,0,0,0,0,0,0,0,0,0,,,
53,제주-제주-2026-02266,고양이,제2동물보호센터,보호중,개체관리번호 26510 - 얼굴상처,N,0,0,0,0,0,0,0,0,0,0,0,,,
54,강원-정선-2026-00084,개,정선가축병원,종료(입양),없음,N,0,0,0,0,0,0,0,0,0,0,0,,,
55,충남-서산-2026-00440,개,서산시 동물보호센터,종료(반환),"순함, 입소 당시 복부에 혹 있음.",Y,1,0,0,0,0,0,0,0,0,0,0,,,
56,경기-김포-2026-00283,개,한국동물구조관리협회,종료(반환),온순. 활발. 사람 좋아함. 하늘색 눈. 검정색 목줄. 꼬리 단미 안됨. 털 때탐.,Y,1,1,0,0,1,0,0,0,0,0,0,,,
57,서울-강북-2026-00077,고양이,한국동물구조관리협회,종료(자연사),눈곱. 콧물. 기력 없음. 저체온. 기립 불능.,N,0,0,0,0,0,0,0,0,0,0,0,,,
58,경기-성남-2026-00335,개,펫앤쉘터동물병원,종료(반환),귓병,N,0,0,0,0,0,0,0,0,0,0,0,,,
59,경기-김포-2026-00375,고양이,한국동물구조관리협회,종료(자연사),활발. 눈곱. 콧물. 털 상태 양호.,Y,0,0,0,0,1,0,0,0,0,0,0,,,
60,충남-서산-2026-00448,개,서산시 동물보호센터,종료(입양),2026-320 자견. 2026.07.29. 출생.,N,0,0,0,0,0,0,0,0,0,0,0,,,
61,부산-해운대-2026-00414,개,동부유기동물보호협회,종료(반환),"하네스 착용, 순함, 갈+흰",Y,1,0,0,0,0,0,0,0,0,0,0,,,
62,경기-성남-2026-00443,개,펫앤쉘터동물병원,보호중,편측 진성 잠복고환,N,0,0,0,0,0,0,0,0,0,0,0,,,
63,충북-음성-2026-00317,개,음성군 동물보호센터,보호중,조금 사나운편,Y,0,0,0,1,0,0,0,0,0,0,0,,,
64,경남-남해-2026-00124,개,남해군동물보호센터,보호중,"목줄착용,새끼4마리와 구조",N,0,0,0,0,0,0,0,0,0,0,0,,,
65,전북-진안-2026-00071,고양이,진안군유기동물보호소,종료(입양),동물보호소에 유기된 동물,N,0,0,0,0,0,0,0,0,0,0,0,,,
66,인천-강화-2026-00427,고양이,강화군 동물보호센터,종료(안락사),생후2주령주청.눈뜸.블랙,N,0,0,0,0,0,0,0,0,0,0,0,,,
67,전북-고창-2026-00228,개,더나은동물병원,보호중,들개 새끼,N,0,0,0,0,0,0,0,0,0,0,0,,,
68,경기-성남-2026-00367,고양이,펫앤쉘터동물병원,종료(자연사),"2일 추정, 수컷 추정",N,0,0,0,0,0,0,0,0,0,0,0,,,
69,경남-김해-2026-00662,개,(사)동물보호관리협회,종료(자연사),"김해시-662, 어미없이 5두 입소",N,0,0,0,0,0,0,0,0,0,0,0,,,
70,강원-강릉-2026-00267,개,강릉시 동물사랑센터,종료(반환),"하네스 착용, 온순함, 자가미용 흔적있음",Y,1,0,0,0,0,0,0,0,0,0,0,,,
71,전북-익산-2026-01268,개,익산유기동물보호소,보호중,생후 40일정도로 보이며 작고 순함,Y,1,0,0,0,0,0,0,0,0,0,0,,,
72,광주-보성-2026-00023,개,보성유기동물보호센터,종료(안락사),공격성있음,Y,0,0,0,1,0,0,0,0,0,0,0,,,
73,광주-여수-2026-00036,개,반려동물보호센터,종료(입양),2-3개월령 새끼강아지/외부구충 및 심장사상충 예방약 투여 완료(7.31)/1차접종(8.3),N,0,0,0,0,0,0,0,0,0,0,0,,,
74,전북-전주-2026-00790,고양이,효자동물병원,종료(자연사),손 탐,Y,0,1,0,0,0,0,0,0,0,0,0,,,
75,광주-서구-2026-00017,개,광주동물보호센터,종료(반환),"26-0415, 킁이, 내장칩 있음, 하네스 착용",N,0,0,0,0,0,0,0,0,0,0,0,,,
76,경북-포항-2026-00567,고양이,(사)영일동물플러스,종료(자연사),"스코티시 스트레이트 추정, 기립불가, 신경이상으로 추정(병원진료 완료), 식욕은 있으나 잘 못먹음",N,0,0,0,0,0,0,0,0,0,0,0,,,
77,광주-동구-2026-00042,기타,광주동물보호센터,보호중,"26-9009 호두, 두마리 동반하여 플라스틱통에 담겨 입소",N,0,0,0,0,0,0,0,0,0,0,0,,,
78,경남-거제-2026-00463,고양이,거제시동물보호센터,종료(자연사),수유냥,N,0,0,0,0,0,0,0,0,0,0,0,,,
79,강원-원주-2026-00419,개,원주시동물보호센터,보호중,"파란목줄착용, 순하고, 애교있음",Y,1,1,0,0,0,0,0,0,0,0,0,,,
80,강원-춘천-2026-00208,개,춘천시 동물보호센터,보호중,"겁이 조금 있음, 피부병",Y,0,0,1,0,0,0,0,0,0,0,0,,,
81,광주-광양-2026-00004,개,광양시 임시보호소,종료(입양),믹스 갈+검+흰 수컷 3개월추정,N,0,0,0,0,0,0,0,0,0,0,0,,,
82,전북-군산-2026-00630,개,군산유기동물보호센터,종료(입양),1개월추정,N,0,0,0,0,0,0,0,0,0,0,0,,,
83,대구-서구-2026-00435,고양이,대구시수의사회(보경),종료(자연사),생후 2주령,N,0,0,0,0,0,0,0,0,0,0,0,,,
84,강원-원주-2026-00260,고양이,원주시동물보호센터,종료(자연사),앞발골절의심,N,0,0,0,0,0,0,0,0,0,0,0,,,
85,광주-광산-2026-00022,개,광주동물보호센터,종료(입양),"26-0422 마카, ""26-0421 왕콩""의 자견, 생후3주",N,0,0,0,0,0,0,0,0,0,0,0,,,
86,경남-김해-2026-00615,고양이,(사)동물보호관리협회,종료(자연사),"김해시-615, 사람손탐, 허약",Y,0,1,0,0,0,0,0,0,0,0,0,,,
87,대구-북구-2026-00258,개,대구유기동물보호협회,종료(입양),미용,N,0,0,0,0,0,0,0,0,0,0,0,,,
88,경기-광명-2026-00098,개,한국야생동물보호협회,종료(안락사),"겁많음,나이미상",Y,0,0,1,0,0,0,0,0,0,0,0,,,
89,경북-영천-2026-00200,개,영천유기동물보호센터,종료(안락사),순한편,Y,1,0,0,0,0,0,0,0,0,0,0,,,
90,서울-서초-2026-00095,고양이,한국동물구조관리협회,종료(자연사),포유기. 눈곱. 콧물. 얌전. 털 상태 양호.,Y,1,0,0,0,0,0,0,0,0,0,0,,,
91,경북-상주-2026-00329,개,상주시 동물보호센터,보호중,낮가림.피부병,Y,0,0,1,0,0,0,0,0,0,0,0,,,
92,경남-창원1-2026-00593,개,창원동물보호센터,종료(반환),체인목줄 착용,N,0,0,0,0,0,0,0,0,0,0,0,,,
93,경북-영천-2026-00220,개,영천유기동물보호센터,보호중,순한편,Y,1,0,0,0,0,0,0,0,0,0,0,,,
94,대구-달성-2026-00309,고양이,화원연합동물병원,종료(자연사),1주령. 인공포유,N,0,0,0,0,0,0,0,0,0,0,1,,,
95,광주-목포-2026-00097,개,목포시유기동물보호소,종료(입양),"털이 짧고 귀가 아래로 늘어짐, 사람을 잘따름",Y,0,1,0,0,0,0,0,0,0,0,0,,,
96,충북-괴산-2026-00169,개,괴산증평동물보호센터,종료(반환),대체적으로 건강함,N,0,0,0,0,0,0,0,0,0,0,0,,,
97,충북-영동-2026-00093,고양이,최종주동물병원,종료(자연사),어미 고양이에 버려진 상태(건강상태 매우 불량),N,0,0,0,0,0,0,0,0,0,0,0,,,
98,제주-제주-2026-01908,고양이,제2동물보호센터,종료(자연사),"개체관리번호 26430 - 기력없음,열있음",N,0,0,0,0,0,0,0,0,0,0,0,,,
99,충남-천안-2026-00484,개,천안시 동물보호센터,종료(반환),"미용 되어있음, 비만",N,0,0,0,0,0,0,0,0,0,0,0,,,
100,광주-해남-2026-00079,개,해남유기동물보호센터,종료(자연사),사람을 잘따름.,Y,0,1,0,0,0,0,0,0,0,0,0,,,
101,전북-임실-2026-00131,개,임실유기동물보호센터,보호중,얌전하고 사람 잘 따름,Y,1,1,0,0,0,0,0,0,0,0,0,,,
102,전북-익산-2026-01281,개,익산유기동물보호소,보호중,작고 귀여우며 순함. 발작증상을 보임.,Y,1,0,0,0,0,0,0,0,0,0,0,,,
103,충북-제천-2026-00102,개,제천시 동물보호센터,보호중,동물등록 있음,N,0,0,0,0,0,0,0,0,0,0,0,,,
104,충남-논산-2026-00490,개,논산시 동물보호센터,종료(입양),자견5마리,N,0,0,0,0,0,0,0,0,0,0,0,,,
105,경기-광주-2026-00374,고양이,광주TNR동물병원송정,종료(자연사),"7-26, 저체온증, 젖은상태 구조",N,0,0,0,0,0,0,0,0,0,0,0,,,
106,충남-공주-2026-00216,개,공주시 동물보호센터,보호중,"6개월, 3마리 구조, 심장사상충&파보 음성, 종합&광견병 백신, 심장사상충약",N,0,0,0,0,0,0,0,0,0,0,0,,,
107,경기-연천-2026-00182,개,한국동물구조관리협회,종료(안락사),경계. 겁. 방어적 입질. 코 검정. 꼬리 단미 안됨. 털 때탐.,Y,0,0,1,1,0,0,0,0,0,0,0,,,
108,충북-진천-2026-00260,개,증평 가정견 훈련소,종료(입양),"피모상태양호,미용은된듯/마이크로칩없음/전반적인건강은양호함",N,0,0,0,0,0,0,0,0,0,0,0,,,
109,부산-해운대-2026-00296,개,동부유기동물보호협회,종료(자연사),"소유자 소유권 포기, 겁 많음, 검+흰",Y,0,0,1,0,0,0,0,0,0,0,0,,,
110,경기-포천-2026-00581,고양이,한국동물구조관리협회,종료(자연사),포유기. 눈곱. 콧물. 코 분홍. 눈 못뜸. 기력없음. 저체온. 털 때탐.,N,0,0,0,0,0,0,0,0,0,0,0,,,
111,광주-나주-2026-00315,개,나주유기동물보호센터,보호중,3일전부터공장내에들어와있음 목과몸에상처있음 치료요함,N,0,0,0,0,0,0,0,0,0,0,1,,,
112,광주-나주-2026-00212,고양이,나주유기동물보호센터,종료(방사),생후3개월정도로보임,N,0,0,0,0,0,0,0,0,0,0,0,,,
113,광주-순천-2026-00072,개,순천시유기동물보호소,보호중,"사상충-양성, 접종(종합백신,코로나장염,광견병,스팟라인)",N,0,0,0,0,0,0,0,0,0,0,0,,,
114,제주-제주-2026-01787,개,제주 동물보호센터,종료(입양),개체관리번호 1458 - 2주차,N,0,0,0,0,0,0,0,0,0,0,0,,,
115,경남-진주-2026-00328,개,진주시동물보호센터,보호중,겁많고 엄살끼 많음,Y,0,0,1,0,0,0,0,0,0,0,0,,,
116,경기-하남-2026-00135,개,한국동물구조관리협회,보호중,온순. 활발. 양 눈 결막염. 친화적이나 돌변. 콧등 분홍. 코 검정. 치석. 꼬리 단미 안됨. 털 때탐.,Y,1,1,0,1,1,0,0,0,0,0,0,"""친화적이나 돌변"" 해석 애매",,
117,전북-남원-2026-00456,개,청원동물병원,보호중,피부염 있음,N,0,0,0,0,0,0,0,0,0,0,0,,,
118,전북-전주-2026-00682,개,동부동물병원,보호중,"온순함, 사람을 잘 따름",Y,1,1,0,0,0,0,0,0,0,0,0,,,
119,충남-논산-2026-00592,개,논산시 동물보호센터,종료(자연사),"소방서구조,2마리구조,코로나양성",N,0,0,0,0,0,0,0,0,0,0,0,,,
120,부산-북구-2026-00189,고양이,부산동물보호센터,종료(자연사),"뒷다리가불편함,안질환,영양상태부족,북구2-138",N,0,0,0,0,0,0,0,0,0,0,0,,,
121,충남-부여-2026-00250,개,남부여동물보호소,종료(자연사),1개월추정/3마리,N,0,0,0,0,0,0,0,0,0,0,0,,,
122,울산-북구-2026-00307,고양이,산타클라라동물병원,종료(자연사),신생축,N,0,0,0,0,0,0,0,0,0,0,0,,,
123,전북-군산-2026-00740,고양이,군산유기동물보호센터,보호중,1살추정 순함,Y,1,0,0,0,0,0,0,0,0,0,0,,,
124,강원-강릉-2026-00284,개,강릉시 동물사랑센터,보호중,"2026-00280의 자견, 생후 1개월",N,0,0,0,0,0,0,0,0,0,0,0,,,
125,서울-광진-2026-00050,개,한국동물구조관리협회,종료(입양),겁 있음. 방어적 입질. 치석. 양 눈 백내장 심함. 양 귀 외이염. 피부 질환. 꼬리 단미 안됨.,Y,0,0,1,1,0,0,0,0,0,0,0,,,
126,광주-무안-2026-00036,개,무안군유기동물보호소,종료(반환),순하며 활발함.,Y,1,0,0,0,1,0,0,0,0,0,0,,,
127,경기-포천-2026-00441,고양이,한국동물구조관리협회,종료(입양),코 분홍/검정. 눈곱. 콧물. 털 상태 양호.,N,0,0,0,0,0,0,0,0,0,0,0,,,
128,경기-시흥-2026-00255,개,시흥동물누리보호센터,종료(반환),"최근 미용한 상태로 입소, 온순하고 사람 손길 좋아하는 껌딱지",Y,1,1,0,0,0,0,0,0,0,0,0,,,
129,전북-익산-2026-01314,개,익산유기동물보호소,보호중,생후 2개월정도로 보임. 털이 복실복실하며 귀엽고 순함.,Y,1,0,0,0,0,0,0,0,0,0,0,,,
130,경북-영천-2026-00205,개,영천유기동물보호센터,종료(입양),순한편,Y,1,0,0,0,0,0,0,0,0,0,0,,,
131,경북-영덕-2026-00132,개,영덕유기동물보호센터,보호중,조용하고사람에게친화적임,Y,1,1,0,0,0,0,0,0,0,0,0,,,
132,서울-금천-2026-00064,고양이,한국동물구조관리협회,종료(자연사),코 분홍. 심한 눈곱. 콧물. 양 눈 못 뜸. 털 상태 양호.,N,0,0,0,0,0,0,0,0,0,0,0,,,
133,부산-강서-2026-00380,고양이,부산동물보호센터,보호중,"젖먹이,눈을못뜸,영양상태부족,강서2-154",N,0,0,0,0,0,0,0,0,0,0,0,,,
134,대구-수성-2026-00459,고양이,제니스동물병원,종료(입양),불린 사료 적응 중입니다...,N,0,0,0,0,0,0,0,0,0,0,0,,,
135,울산-울주-2026-00530,고양이,울산유기동물보호센터,종료(방사),활발하고 6마리중제일큼,Y,0,0,0,0,1,0,0,0,0,0,0,,,
136,광주-고흥-2026-00041,개,고흥군임시보호센터,보호중,흰색 더부룩한 장모 털을 가졌으며 귀가 큼.,N,0,0,0,0,0,0,0,0,0,0,0,,,
137,광주-영암-2026-00057,고양이,유기동물 삼호 보호소,종료(자연사),모유 수유가 필요함,N,0,0,0,0,0,0,0,0,0,0,1,,,
138,경기-수원-2026-00360,고양이,수원시 동물보호센터,종료(자연사),어림(2주추정),N,0,0,0,0,0,0,0,0,0,0,0,,,
139,경북-문경-2026-00292,개,종합축산,종료(입양),유기된 2개월령 새끼2마리,N,0,0,0,0,0,0,0,0,0,0,0,,,
140,인천-남동-2026-00344,개,세우리동물병원,종료(입양),털 엉킴이 심함,N,0,0,0,0,0,0,0,0,0,0,0,,,
141,경북-예천-2026-00150,개,예천군유기동물보호소,보호중,차가운 길거리에 버려진 아기강아지 새로운 가족을 찾을 기회를 주세요,N,0,0,0,0,0,0,0,0,0,0,0,,,
142,경기-파주-2026-00530,고양이,한국동물구조관리협회,종료(자연사),교통 사고. 온순. 눈곱. 콧물. 양 후지 못 씀. 털 때탐.,Y,1,0,0,0,0,0,0,0,0,0,0,,,
143,경기-김포-2026-00294,고양이,한국동물구조관리협회,종료(안락사),코 분홍. 온순. 털 상태 양호.,Y,1,0,0,0,0,0,0,0,0,0,0,,,
144,광주-목포-2026-00108,개,목포시유기동물보호소,종료(반환),"분홍색목줄착용,눈과 입주변 변색",N,0,0,0,0,0,0,0,0,0,0,0,,,
145,경남-의령-2026-00098,개,의령군 동물보호센터,종료(자연사),"경계심 강함,피부병있음,얕은잔상처",Y,0,0,1,0,0,0,0,0,0,0,0,,,
146,대구-남구-2026-00142,고양이,대구유기동물보호협회,종료(자연사),"사고추정,상태 매우 나쁨",N,0,0,0,0,0,0,0,0,0,0,0,,,
147,서울-노원-2026-00094,개,한국동물구조관리협회,종료(안락사),온순.활발.양눈혼탁.핑크색하네스.노란목줄.전신미용.우측귀끝상처.우후지슬개골.배꼽탈장.,Y,1,0,0,0,1,0,0,0,0,0,0,,,
148,광주-북구-2026-00060,고양이,광주동물보호센터,종료(자연사),26-7344 생후4주,N,0,0,0,0,0,0,0,0,0,0,0,,,
149,경기-성남-2026-00478,고양이,펫앤쉘터동물병원,종료(입양),"2일 추정, 인공수유 필요",N,0,0,0,0,0,0,0,0,0,0,1,,,
150,부산-동래-2026-00178,고양이,(사)동부동물보호협회,종료(입양),외부기생충 감염,N,0,0,0,0,0,0,0,0,0,0,0,,,
151,서울-관악-2026-00165,개,디아크 동물종합병원,종료(입양),온순한 편이나 겁이 좀 있음.,Y,1,0,1,0,0,0,0,0,0,0,0,,,
152,충북-충주-2026-00161,개,충주시동물보호센터,보호중,"길거리배회,순함,양쪽눈 체리아이 있음/사상충음성",Y,1,0,0,0,0,0,0,0,0,0,0,,,
153,대구-달성-2026-00388,개,동행동물병원,종료(반환),순하고 사람을 좋아하며 귀여움!! /베이지색,Y,1,1,0,0,0,0,0,0,0,0,0,,,
154,전북-부안-2026-00612,개,부안군 동물보호센터,종료(입양),"눈주위 부상심함, (연합동물병원 치료중)",N,0,0,0,0,0,0,0,0,0,0,0,,,
155,서울-용산-2026-00134,고양이,남산동물병원,종료(자연사),심히 유약하고 어미에게 도태되어 방치된 듯 보여짐. 눈꼽많고 기력소실로 예후불량.,N,0,0,0,0,0,0,0,0,0,0,0,,,
156,강원-동해-2026-00094,개,한국동물구조관리협회,종료(입양),겁. 경계. 털 뭉침 심하고 때탐. 꼬리 단미 안됨. 털 때탐.,Y,0,0,1,0,0,0,0,0,0,0,0,,,
157,인천-영종-2026-00125,개,신공항동물병원,보호중,애견미용이 되어있고 매우 순함,Y,1,0,0,0,0,0,0,0,0,0,0,,,
158,강원-춘천-2026-00215,개,춘천시 동물보호센터,종료(자연사),온순,Y,1,0,0,0,0,0,0,0,0,0,0,,,
159,경기-광명-2026-00074,개,한국야생동물보호협회,종료(반환),"피부병심함,회색목줄,순함",Y,1,0,0,0,0,0,0,0,0,0,0,,,
160,인천-검단-2026-00034,개,한마음동물병원,종료(입양),소심함,Y,0,0,1,0,0,0,0,0,0,0,0,,,
161,부산-수영-2026-00193,개,(사)동부동물보호협회,종료(반환),"순함, 흰색",Y,1,0,0,0,0,0,0,0,0,0,0,,,
162,경기-부천-2026-00364,고양이,24시아이동물메디컬,종료(입양),"(입소당시)생후 3주 추정,특이사항없음,이유식급여",N,0,0,0,0,0,0,0,0,0,0,0,,,
163,전북-완주-2026-00211,개,완주군유기동물보호소,종료(반환),검정목줄착용,N,0,0,0,0,0,0,0,0,0,0,0,,,
164,광주-함평-2026-00077,개,학교임시동물보호센터,보호중,경계심,Y,0,0,1,0,0,0,0,0,0,0,0,,,
165,울산-중구-2026-00256,고양이,산타클라라동물병원,종료(자연사),양측눈부상 눈물 눈꼽 콧물 기침,N,0,0,0,0,0,0,0,0,0,0,0,,,
166,강원-삼척-2026-00125,고양이,삼척시동물보호센터,보호중,공고전 입양가능,N,0,0,0,0,0,0,0,0,0,0,0,,,
167,세종-세종-2026-00229,고양이,세종유기동물보호센터,보호중,.,N,0,0,0,0,0,0,0,0,0,0,0,,,
168,경기-동두천-2026-00132,개,한국동물구조관리협회,보호중,온순. 얌전. 겁. 양 귀 피부 질환/탈모. 다리 쪽 피부 질환. 꼬리 단미 안됨. 털 상태 양호.,Y,1,0,1,0,0,0,0,0,0,0,0,,,
169,경기-안산-2026-00602,개,한국야생동물보호협회,보호중,"발바닥무늬목줄 착용,순함,피부병심함",Y,1,0,0,0,0,0,0,0,0,0,0,,,
170,대구-수성-2026-00417,고양이,제니스동물병원,종료(자연사),약갼은 경계하지만 만지면 바로 순해 집니다...,Y,1,1,1,0,0,0,0,0,0,0,0,조건부(만지면 순해짐),,
171,울산-남구-2026-00500,고양이,주동물병원,보호중,인공포유중 전반적인 현재의 컨디션은 양호한 편,N,0,0,0,0,0,0,0,0,0,0,1,,,
172,대전-서구-2026-00212,개,대전동물보호센터,보호중,.,N,0,0,0,0,0,0,0,0,0,0,0,,,
173,광주-구례-2026-00016,개,구례군동물보호센터,종료(기증),"7월28일 파보,홍역키트검사,종합백신,광견병 주사, 구충제",N,0,0,0,0,0,0,0,0,0,0,0,,,
174,대구-달서-2026-00204,고양이,대구유기동물보호협회,종료(자연사),박스 유기,N,0,0,0,0,0,0,0,0,0,0,0,,,
175,경기-안산-2026-00510,고양이,한국야생동물보호협회,종료(방사),"뒷다리다침,겁많음",Y,0,0,1,0,0,0,0,0,0,0,0,,,
176,울산-남구-2026-00350,개,울산유기동물보호센터,종료(반환),7개월령 추정 활발함 미용되어있음,Y,0,0,0,0,1,0,0,0,0,0,0,,,
177,충남-천안-2026-00386,개,천안시 동물보호센터,종료(반환),"칩 있음, 목줄 착용, 리드줄 착용, 넥카라 착용, 매우 순함",Y,1,0,0,0,0,0,0,0,0,0,0,,,
178,경북-성주-2026-00288,개,성주군동물보호센터,종료(입양),"엄정순하고, 착함",Y,1,0,0,0,0,0,0,0,0,0,0,,,
179,충북-옥천-2026-00410,개,옥천동물병원,보호중,"[관리번호410]군서면 동평리에 위치한 민가 인근에서 발견, 피부질환",N,0,0,0,0,0,0,0,0,0,0,0,,,
180,인천-영종-2026-00087,고양이,신공항동물병원,종료(입양),"2개월령추정, 구조시 얼굴 주둥이 부위 출혈",N,0,0,0,0,0,0,0,0,0,0,0,,,
181,부산-강서-2026-00237,고양이,부산동물보호센터,종료(자연사),"4두동시입소,안질환,영양상태부족,강서2-128",N,0,0,0,0,0,0,0,0,0,0,0,,,
182,서울-포핸-2026-00031-P,개,포인핸드 경의숲점,종료(입양),개체관리번호 1616 - 2개월,N,0,0,0,0,0,0,0,0,0,0,0,,,
183,서울-송파-2026-00115,고양이,한국동물구조관리협회,종료(자연사),기력 없음. 기립 불능. 꼬리 짧음. 눈곱. 눈물. 왼 귀 이표. 치석. 콧물. 저체온.,N,0,0,0,0,0,0,0,0,0,0,0,,,
184,전북-고창-2026-00250,개,더나은동물병원,보호중,"들개 무리, 농작물 피해",N,0,0,0,0,0,0,0,0,0,0,0,,,
185,울산-울주-2026-00656,개,울산유기동물보호센터,보호중,사나움,Y,0,0,0,1,0,0,0,0,0,0,0,,,
186,전북-부안-2026-00616,개,부안군 동물보호센터,보호중,활발해보임,Y,0,0,0,0,1,0,0,0,0,0,0,,,
187,경기-포천-2026-00662,개,한국동물구조관리협회,보호중,온순. 얌전. 유선발달. 코 팥죽색. 진드기 오염. 꼬리 단미 안됨. 털 상태 양호.,Y,1,0,0,0,0,0,0,0,0,0,0,,,
188,제주-제주-2026-02070,고양이,제2동물보호센터,종료(자연사),"개체관리번호 26480 - 뇌진탕,척추골절",N,0,0,0,0,0,0,0,0,0,0,0,,,
189,충남-서산-2026-00438,개,서산시 동물보호센터,종료(입양),26.07.15. 출생. 2026-00271 자견,N,0,0,0,0,0,0,0,0,0,0,0,,,
190,서울-용산-2026-00184,기타,남산동물병원,보호중,양호하고 관리되어짐,N,0,0,0,0,0,0,0,0,0,0,0,,,
191,부산-연제-2026-00183,고양이,청조동물병원,보호중,불량(기립장애),N,0,0,0,0,0,0,0,0,0,0,0,,,
192,제주-제주-2026-01559,고양이,제2동물보호센터,종료(방사),"개체관리번호 26342 - 꼬리 올무에걸림, 꼬리괴사",N,0,0,0,0,0,0,0,0,0,0,0,,,
193,광주-영암-2026-00052,개,유기동물 삼호 보호소,보호중,건강하게 보임. 눈에 안질 의심됨.,N,0,0,0,0,0,0,0,0,0,0,0,,,
194,강원-춘천-2026-00256,개,춘천시 동물보호센터,보호중,"온순,칩있음,파란하네스",Y,1,0,0,0,0,0,0,0,0,0,0,,,
195,경기-안산-2026-00464,고양이,한국야생동물보호협회,종료(자연사),입소시자연사,N,0,0,0,0,0,0,0,0,0,0,0,,,
196,경남-창녕-2026-00291,고양이,창녕 유기동물보호소,종료(자연사),"눈질환, 기력저하",N,0,0,0,0,0,0,0,0,0,0,0,,,
197,강원-고성-2026-00190,고양이,고성군 동물보호센터,종료(방사),흰 바탕에 검은 얼룩줄무늬,N,0,0,0,0,0,0,0,0,0,0,0,,,
198,전북-전주-2026-00814,개,행복한동물병원,종료(반환),성격이 예민함,Y,0,0,1,0,0,0,0,0,0,0,0,,,
199,광주-보성-2026-00063,개,보성유기동물보호센터,보호중,"공격성있음.빨간색 목줄착용,예당119지역대 인계",Y,0,0,0,1,0,0,0,0,0,0,0,,,
200,경기-부천-2026-00344,개,부천시수의사회,보호중,겁이 많고 예민함,Y,0,0,1,0,0,0,0,0,0,0,0,,,
201,경북-문경-2026-00217,개,종합축산,종료(입양),유기견이 자택인근에 새끼를 낳은지 50일령정도된 강아지3마리,N,0,0,0,0,0,0,0,0,0,0,0,,,
202,제주-제주-2026-01857,개,제주 동물보호센터,종료(안락사),개체관리번호 1510 - 2개월/파란목줄,N,0,0,0,0,0,0,0,0,0,0,0,,,
203,울산-중구-2026-00304,고양이,울산유기동물보호센터,종료(입양),얌전하고 귀여움,Y,1,0,0,0,0,0,0,0,0,0,0,,,
204,광주-강진-2026-00013,개,강진군 유기견 보호소,종료(안락사),기질이 온순하여 사람을 잘 따르고 얌전함,Y,1,1,0,0,0,0,0,0,0,0,0,,,
205,부산-강서-2026-00322,개,부산동물보호센터,종료(기증),"겁이많음,탈수증상,털관리가안되어있음,강서1-217",Y,0,0,1,0,0,0,0,0,0,0,0,,,
206,인천-강화-2026-00416,고양이,강화군 동물보호센터,종료(자연사),생후3일령추정. 눈못뜸.고등어,N,0,0,0,0,0,0,0,0,0,0,0,,,
207,강원-원주-2026-00298,고양이,원주시동물보호센터,종료(입양),"2개월정도, 탈진",N,0,0,0,0,0,0,0,0,0,0,0,,,
208,광주-곡성-2026-00018,개,곡성군동물보호소,보호중,온순하고 사람 잘따름,Y,1,1,0,0,0,0,0,0,0,0,0,,,
209,광주-나주-2026-00256,개,나주유기동물보호센터,종료(자연사),생후3주정도로보임,N,0,0,0,0,0,0,0,0,0,0,0,,,
210,대구-달성-2026-00399,개,119동물병원,보호중,"설사, 사납고 공격성 있음",Y,0,0,0,1,0,0,0,0,0,0,0,,,
211,전북-익산-2026-01173,개,익산유기동물보호소,보호중,다리가 짧고 몸집이 작으며 순한 편임,Y,1,0,0,0,0,0,0,0,0,0,0,,,
212,경남-산청-2026-00046,개,산청동물보호센터,보호중,구조시 검정 목줄,N,0,0,0,0,0,0,0,0,0,0,0,,,
213,경남-김해-2026-00703,고양이,(사)동물보호관리협회,종료(자연사),"김해시-703, 3개월미만 추정, 어미잃은 젖먹이 새끼 고양이, 4두 입소",N,0,0,0,0,0,0,0,0,0,0,0,,,
214,경북-칠곡-2026-00115,개,칠곡유기동물보호센터,보호중,초록색목테착용 쇠줄달려있음 사람잘따름,Y,0,1,0,0,0,0,0,0,0,0,0,,,
215,충남-태안-2026-00301,개,최동물병원,종료(입양),순하고 잘따름,Y,1,1,0,0,0,0,0,0,0,0,0,,,
216,경남-창녕-2026-00282,개,창녕 유기동물보호소,보호중,어린개체로 옅은 갈색,N,0,0,0,0,0,0,0,0,0,0,0,,,
217,경기-이천-2026-00411,개,위더스 동물보호센터,종료(자연사),온순함,Y,1,0,0,0,0,0,0,0,0,0,0,,,
218,전북-익산-2026-01171,고양이,익산유기동물보호소,종료(자연사),생후 2개월 조금 안되었으며 경계심은 있지만 순함,Y,1,0,1,0,0,0,0,0,0,0,0,,,
219,울산-북구-2026-00300,고양이,울산유기동물보호센터,종료(자연사),몸놀림 빠름,Y,0,0,0,0,1,0,0,0,0,0,0,"""몸놀림 빠름""을 활동성으로 봄",,
220,부산-동래-2026-00231,고양이,(사)동부동물보호협회,보호중,"호흡기 질환, 외부기생충 감염",N,0,0,0,0,0,0,0,0,0,0,0,,,
221,전북-전주-2026-00729,고양이,링크늘푸른동물병원,종료(입양),사람손을 잘 탐,Y,0,1,0,0,0,0,0,0,0,0,0,,,
222,강원-강릉-2026-00272,고양이,강릉시 동물사랑센터,보호중,교통사고로 앞발다침 (현재는 많이 회복됨),N,0,0,0,0,0,0,0,0,0,0,0,,,
223,충남-천안-2026-00323,개,천안시 동물보호센터,종료(반환),"6마리 함께 구조, 순하고 사람 매우 좋아함",Y,1,1,0,0,0,0,0,0,0,0,0,,,
224,전북-남원-2026-00395,개,하나동물병원,종료(입양),해당없음,N,0,0,0,0,0,0,0,0,0,0,0,,,
225,울산-울주-2026-00666,개,울산유기동물보호센터,보호중,얌전함,Y,1,0,0,0,0,0,0,0,0,0,0,,,
226,경북-영덕-2026-00170,개,영덕유기동물보호센터,종료(자연사),"조용하고 사람에게 순종적임, 검정색/베이지색목띠",Y,1,1,0,0,0,0,0,0,0,0,0,,,
227,전북-익산-2026-00849,고양이,익산유기동물보호소,종료(입양),눈이 조금 지저분하고 인공수유 및 이유식 필요,N,0,0,0,0,0,0,0,0,0,0,1,,,
228,경북-포항-2026-00552,개,(사)영일동물플러스,보호중,"목에 짖음방지기 착용, 작은 몸에서 뿜어져 나오는 날렵함, 울타리도 가뿐이 타오는 근력을 가진 멈머",Y,0,0,0,0,1,0,0,0,0,0,0,"짖음방지기 착용은 짖음 암시, 라벨 안 함",,
229,경북-상주-2026-00268,개,상주시 동물보호센터,종료(입양),맨몸상태 온순함,Y,1,0,0,0,0,0,0,0,0,0,0,,,
230,경남-밀양-2026-00390,개,밀양시 동물보호센터,보호중,"자견 두마리의 모견, 온순하고 아이들을 통통하게 잘 먹였음, 스피츠 닮음",Y,1,0,0,0,0,0,0,0,0,0,0,,,
231,인천-강화-2026-00410,개,강화군 동물보호센터,종료(반환),1살추정.온순함.양귀끝만 검은색,Y,1,0,0,0,0,0,0,0,0,0,0,,,
232,전북-부안-2026-00606,개,부안군 동물보호센터,보호중,목줄착용,N,0,0,0,0,0,0,0,0,0,0,0,,,
233,부산-기장-2026-00223,개,사단법인 동부,보호중,"예민함, 흰색",Y,0,0,1,0,0,0,0,0,0,0,0,,,
234,강원-속초-2026-00118,고양이,속초시유기동물보호소,종료(입양),생후3개월미만,N,0,0,0,0,0,0,0,0,0,0,0,,,
235,인천-검단-2026-00080,고양이,한마음동물병원,종료(입양),"어미 잃은 어린고양이,4마리 함께 구조",N,0,0,0,0,0,0,0,0,0,0,0,,,
236,충북-진천-2026-00294,고양이,증평 가정견 훈련소,종료(자연사),피모상태양호/전반적인건강은지켜봐야함,N,0,0,0,0,0,0,0,0,0,0,0,,,
237,광주-북구-2026-00035,고양이,광주동물보호센터,종료(안락사),"26-7298, 기립불가, 구더기감염 및 괴사진행중",N,0,0,0,0,0,0,0,0,0,0,0,,,
238,강원-강릉-2026-00249,개,강릉시 동물사랑센터,종료(반환),온순함,Y,1,0,0,0,0,0,0,0,0,0,0,,,
239,경남-창녕-2026-00399,고양이,창녕 유기동물보호소,종료(자연사),"엄마가 돌보지 않음, 기력저하",N,0,0,0,0,0,0,0,0,0,0,0,,,
240,전북-김제-2026-00218,개,전북말산업복합센터,종료(입양),불독하고 섞인 믹스견,N,0,0,0,0,0,0,0,0,0,0,0,,,
241,경기-고양-2026-00586,개,고양시동물보호센터,보호중,검정색 목줄과 리드줄 착용,N,0,0,0,0,0,0,0,0,0,0,0,,,
242,충북-청주-2026-00602,개,반려동물보호센터,종료(안락사),"인수제견, 칩있음, 노견, 매우 순함",Y,1,0,0,0,0,0,0,0,0,0,0,,,
243,경북-경주-2026-00702,개,경주동물사랑보호센터,종료(입양),사람을 너무 좋아하는 순둥이 ! 얌전하고 배변훈련 되어있어요 !,Y,1,1,0,0,0,0,0,0,1,0,0,,,
244,강원-철원-2026-00120,개,철원군,종료(자연사),경계심이 있으며 사람을 무서워함,Y,0,1,1,0,0,0,0,0,0,0,0,,,
245,강원-춘천-2026-00246,개,춘천시 동물보호센터,종료(입양),온순,Y,1,0,0,0,0,0,0,0,0,0,0,,,
246,인천-강화-2026-00490,개,강화군 동물보호센터,종료(반환),생후3개월령추정.녹색목띠.온순함.검정,Y,1,0,0,0,0,0,0,0,0,0,0,,,
247,경기-안성-2026-00332,고양이,안성시동물보호센터,종료(입양),신고자가 보호소로 데리고 옴,N,0,0,0,0,0,0,0,0,0,0,0,,,
248,서울-노원-2026-00002-P,개,노원반려동물문화센터 댕댕하우스,종료(입양),"순함, 소심, 겁많음, 낯가림, 방어적 입질",Y,1,0,1,1,0,0,0,0,0,0,0,,,
249,경기-김포-2026-00303,개,한국동물구조관리협회,종료(안락사),진드기오염. 경계. 예민. 방어적 입질. 눈물자국. 코 갈색. 꼬리 단미 안됨. 털 약간 때탐.,Y,0,0,1,1,0,0,0,0,0,0,0,,,
250,경남-통영-2026-00087,개,통영시동물보호센터,보호중,생후3개월추정(2026.08.03기준),N,0,0,0,0,0,0,0,0,0,0,0,,,
251,경북-포항-2026-00428,고양이,(사)영일동물플러스,종료(입양),"1개월추정, 좁쌀만한 작은 이빨은 올라옴, 약간 앙칼진 면이 있지만 많이 귀여습니다.",Y,0,0,0,1,0,0,0,0,0,0,0,"""앙칼진 면""을 공격성으로 봄",,
252,전북-군산-2026-00612,개,군산유기동물보호센터,보호중,5살추정 순함,Y,1,0,0,0,0,0,0,0,0,0,0,,,
253,인천-강화-2026-00452,개,강화군 동물보호센터,종료(입양),생후3개월령추정.온순함.검정,Y,1,0,0,0,0,0,0,0,0,0,0,,,
254,경남-창녕-2026-00390,개,창녕 유기동물보호소,보호중,"최근 유실, 왼쪽 앞다리 절음",N,0,0,0,0,0,0,0,0,0,0,0,,,
255,부산-사상-2026-00133,고양이,부산동물보호센터,종료(자연사),"낭떨어지에고립됨,영양상태부족,기력없음",N,0,0,0,0,0,0,0,0,0,0,0,,,
256,경남-창녕-2026-00359,개,창녕 유기동물보호소,보호중,"피부질환피부, 사나움",Y,0,0,0,1,0,0,0,0,0,0,0,,,
257,충남-아산-2026-00282,개,아산동물복지지원센터,보호중,26-1606호(관리)282호(공고),N,0,0,0,0,0,0,0,0,0,0,0,,,
258,경기-연천-2026-00239,개,한국동물구조관리협회,보호중,온순. 얌전. 겁 많음. 진드기 오염. 엉덩이 쪽 갈색 점. 꼬리 단미 안됨. 털 때탐.,Y,1,0,1,0,0,0,0,0,0,0,0,,,
259,인천-영종-2026-00104,고양이,신공항동물병원,종료(자연사),"5살추정, 순함",Y,1,0,0,0,0,0,0,0,0,0,0,,,
260,전북-전주-2026-00835,고양이,데이지동물병원,종료(입양),코랑 턱 검정무늬,N,0,0,0,0,0,0,0,0,0,0,0,,,
261,경기-여주-2026-00348,개,위더스 동물보호센터,종료(입양),"사람을 좋아하며, 매우온순함",Y,1,1,0,0,0,0,0,0,0,0,0,,,
262,경기-파주-2026-00650,개,한국동물구조관리협회,보호중,온순. 얌전. 사람 따름. 꼬리 단미 안됨. 털 때탐.,Y,1,1,0,0,0,0,0,0,0,0,0,,,
263,광주-여수-2026-00064,개,반려동물보호센터,보호중,심한 피부병 - 치료중,N,0,0,0,0,0,0,0,0,0,0,0,,,
264,경남-김해-2026-00762,고양이,(사)동물보호관리협회,종료(자연사),"김해시-762, 3개월미만 추정, 어미잃은 젖먹이 새끼 고양이",N,0,0,0,0,0,0,0,0,0,0,0,,,
265,경기-김포-2026-00285,개,한국동물구조관리협회,종료(입양),빨간바탕에 흰목줄 착용. 온순. 얌전. 사람 잘 따름. 겁 조금. 진드기오염. 눈곱 조금. 꼬리 단미 안됨.,Y,1,1,1,0,0,0,0,0,0,0,0,,,
266,광주-완도-2026-00024,개,유기동물임시보호센터,보호중,갈색,N,0,0,0,0,0,0,0,0,0,0,0,,,
267,대구-군위-2026-00163,개,군위종합동물병원,종료(입양),"사람 손 잘타고 순하고 착함, 관리 잘되있음.",Y,1,1,0,0,0,0,0,0,0,0,0,,,
268,인천-미추홀-2026-00253,개,경동동물병원,종료(반환),비교적 양호한것으로 사료됨,N,0,0,0,0,0,0,0,0,0,0,0,,,
269,인천-강화-2026-00349,고양이,강화군 동물보호센터,종료(자연사),생후2일령추정.턱시도,N,0,0,0,0,0,0,0,0,0,0,0,,,
270,울산-북구-2026-00343,고양이,사단법인 포유,보호중,이상 없음,N,0,0,0,0,0,0,0,0,0,0,0,,,
271,경기-군포-2026-00082,고양이,한국야생동물보호협회,종료(방사),"마름,털엉킴심함,구내염심함,tnr됨",N,0,0,0,0,0,0,0,0,0,0,0,,,
272,경기-부천-2026-00275,개,부천시수의사회,보호중,"순화하려 노력했으나 경계심, 공격성 심함, 심장사상충 양성",Y,0,0,1,1,0,0,0,0,0,0,0,,,
273,인천-남동-2026-00353,개,보람동물병원,종료(입양),눈 치료 필요,N,0,0,0,0,0,0,0,0,0,0,1,,,
274,경기-용인-2026-00275,개,용인시 동물보호센터,종료(입양),얌전한 아,Y,1,0,0,0,0,0,0,0,0,0,0,,,
275,충남-아산-2026-00297,개,아산동물복지지원센터,종료(반환),26-1636호(관리)297호(공고)/심장사상충 양성,N,0,0,0,0,0,0,0,0,0,0,0,,,
276,경북-경산-2026-00272,개,경산시유기동물보호소,종료(입양),"생후 3개월령, 어미(144번, 8kg)와 함께 발견하여 구조",N,0,0,0,0,0,0,0,0,0,0,0,,,
277,제주-제주-2026-01898,고양이,제2동물보호센터,종료(방사),개체관리번호 26426 -  담관간염에 의한 쇠약으로 낙상,N,0,0,0,0,0,0,0,0,0,0,0,,,
278,경기-양주-2026-00499,고양이,한국동물구조관리협회,종료(입양),코 분홍. 눈곱. 콧물. 털 상태 양호.,N,0,0,0,0,0,0,0,0,0,0,0,,,
279,광주-영광-2026-00042,개,영광동물보호센터,보호중,백수 천마리 승강장에 유기된  여섯마리 강아지 중 갈색 암컷 믹스 강아지,N,0,0,0,0,0,0,0,0,0,0,0,,,
280,충남-천안-2026-00419,개,천안시 동물보호센터,종료(반환),"등쪽 사마귀, 순하나 겁있음, 전신 미용되어있음, 양측 백내장",Y,1,0,1,0,0,0,0,0,0,0,0,,,
281,서울-강북-2026-00105,고양이,한국동물구조관리협회,종료(자연사),코 검정. 눈곱. 콧물. 피부질환. 등 쪽 탈모. 털 상태 양호.,N,0,0,0,0,0,0,0,0,0,0,0,,,
282,경북-포항-2026-00481,고양이,(사)영일동물플러스,종료(자연사),"3주 추정 , 형제 와 같은 레몬색의 치즈냥이 , 꼬리가 쫙 펴져있음",N,0,0,0,0,0,0,0,0,0,0,0,,,
283,경기-시흥-2026-00343,고양이,시흥동물누리보호센터,보호중,"2개월령 추정,어여쁜 살구 빛  치즈냥, 똘망똥망한 눈빛이 사랑스러움",N,0,0,0,0,0,0,0,0,0,0,0,,,
284,부산-금정-2026-00150,고양이,동부동물보호협회,종료(자연사),영양상태 불량,N,0,0,0,0,0,0,0,0,0,0,0,,,
285,경기-양평-2026-00262,개,양평군유기동물보호소,종료(반환),"반환예정, 순하고 사람을 잘따름.",Y,1,1,0,0,0,0,0,0,0,0,0,,,
286,광주-무안-2026-00018,개,무안군유기동물보호소,종료(기증),"활발하고, 사람을 잘 따름, 귀여움",Y,0,1,0,0,1,0,0,0,0,0,0,,,
287,광주-완도-2026-00005,개,유기동물임시보호센터,종료(자연사),검정&하양,N,0,0,0,0,0,0,0,0,0,0,0,,,
288,광주-광산-2026-00085,고양이,광주동물보호센터,보호중,26-7405,N,0,0,0,0,0,0,0,0,0,0,0,,,
289,부산-강서-2026-00234,개,부산동물보호센터,종료(입양),"4두,새끼견,젖먹이,아직눈을못뜸,강서1-106",N,0,0,0,0,0,0,0,0,0,0,0,,,
290,경북-영덕-2026-00159,고양이,영덕반려동물입양센터,종료(입양),온순 귀여움,Y,1,0,0,0,0,0,0,0,0,0,0,,,
291,광주-나주-2026-00260,개,나주유기동물보호센터,종료(자연사),생후3주정도로보임,N,0,0,0,0,0,0,0,0,0,0,0,,,
292,대구-수성-2026-00477,고양이,신세계동물병원,종료(입양),순하고 귀여워요,Y,1,0,0,0,0,0,0,0,0,0,0,,,
293,경북-칠곡-2026-00133,개,칠곡유기동물보호센터,보호중,농장에서태어난유기견아이 입양부탁드립니다,N,0,0,0,0,0,0,0,0,0,0,0,,,
294,경기-의정부-2026-00165,개,한국동물구조관리협회,종료(반환),온순. 얌전. 약간 경계. 치석. 코 검정. 꼬리 단미 안됨. 털 상태 양호.,Y,1,0,1,0,0,0,0,0,0,0,0,,,
295,경기-평택-2026-00573,개,평택시동물보호센터,종료(반환),"2두 동시 입소, 둘 다 얇은 목줄 착용",N,0,0,0,0,0,0,0,0,0,0,0,,,
296,경남-하동-2026-00119,개,하동군유기동물보호소,보호중,사람을 매우 경계함,Y,0,1,1,0,0,0,0,0,0,0,0,,,
297,경북-경주-2026-00625,개,경주동물사랑보호센터,종료(안락사),성격 좋고 사람 잘 따라요. 조금 겁쟁이에요,Y,1,1,1,0,0,0,0,0,0,0,0,,,
298,경기-광주-2026-00361,고양이,광주TNR동물병원송정,종료(자연사),"7-13, 1개월령미만, 송곳니가 살짝 보이기 시작해요, 수유필요",N,0,0,0,0,0,0,0,0,0,0,1,,,
299,인천-서해-2026-00122,고양이,가정동물병원,종료(입양),"네마리 중 제일 작고 혼자 여자,오른쪽 매력점,조용하고 깨끗함,애기들 얼른 입양가자",Y,1,0,0,0,0,0,0,0,0,0,0,,,
300,경남-사천-2026-00195,고양이,사천시 동물보호센터,보호중,낯선 환경에 적응 중,Y,0,0,1,0,0,0,0,0,0,0,0,"""낯선 환경에 적응 중""을 겁/경계로 봄",,
