notice_id,species,breed,status_raw,personality_comment,personality_tags,gauge_건강상태,gauge_활동성,gauge_사회성,gauge_친화도,special_mark,comment_char_len,notice_id_P_suffix,manual_author_source,manual_behavior_evidence,manual_template_like,manual_evidence_span,manual_review_notes
제주-제주-2026-01788,개,[개] 믹스견,종료(입양),"엄마 없이 남매들만  보호소에 들어왔어요.
지금 불린사료 먹으면서 하루하루 잘 크고 있는 귀염둥이들
아직 1kg 남짓한 아기 강아지인데도 제법 의젓해요!
잘먹고 잘 놀고, 사회성도 좋아요.
매일매일 귀엽고 사랑스러움을 더해가는 아기 강아지의 평생 가족이 되어주세요~!!

1.3kg (8/11기준)",,4,4,4,4,개체관리번호 1459 - 2주차,166,False,,,,,
경남-진주-2026-00261,개,[개] 시바,보호중,"초롱초롱한 눈망울로 세상을 바라보는, 1~2살 된 시바견을 소개합니다. 
시바견 특유의 매력적인 외모는 물론, 이름처럼 따뜻하고 밝은 에너지를 가진 친구입니다. 
가장 큰 매력은 천사 같은 성격입니다. 
낯선 사람에게도 꼬리를 살랑살랑 흔들며 다가와 품에 폭 안기는 순둥이 중의 순둥이예요.

아직 세상 모든 게 신기하고 재미있는 호기심쟁이라, 산책 나가는 걸 제일 좋아해요. 
지나가는 낙엽 하나에도 멈칫하며 냄새를 맡고, 다른 강아지 친구들을 만나면 같이 놀자고 낑낑거리기도 합니다. 
하지만 사람이 앉으면 얌전히 옆에 와서 기대어 앉는 애교쟁이이기도 하답니다.

심장사상충 양성(+)
입양 문의 많으신데 꼭!! 확인후 연락부탁드립니다.

*더 많은 사진은 인스타그램 jinju_dogs 참고해주세요^^",😘 애교많음 | 🥰 사람좋아함 | 🙂 활동량보통 | 👀 호기심많음,4,4,4,4,순하고 착함,395,False,,,,,
경기-양평-2026-00265,개,[개] 믹스견,보호중,"[양평군 유기동물보호센터 품]
📞입양문의 031-770-2311
연중무휴 09:00~18:00(점심시간 12:00~13:00)",,5,4,3,3,"겁이 많고 경계심 높음, 주황색 목걸이 착용",70,False,,,,,
경기-양평-2026-00256,개,[개] 믹스견,보호중,"[양평군 유기동물보호센터 품]
📞입양문의 031-770-2311
연중무휴 09:00~18:00(점심시간 12:00~13:00)",🙈 낯가림있음 | 😟 겁이많음 | 🐾 산책좋아함 | 🧘 차분한성격,5,4,4,3,사람에게 경계심은 있지만 공격성은 없고 온순한 성격,70,False,,,,,
경기-양평-2026-00254,개,[개] 믹스견,종료(입양),"[입양확정으로 신청서를 받지않습니다]
🤍 호기심 가득한 아기 강아지 🤍

🔎 특징
-사람 손에서 자라 사람을 정말 좋아하는 아이예요. 🥰
-앙증맞은 외모와 살짝 접힌 수제비 귀가 매력적😍.
-쌍커풀 있는 듯한 큰 눈.😄

😄 성격·성향
-호기심이 많고 활발해요.😁
-작은 몸에 비해 점프력도 좋아요👍
-자기주장을 할 줄 아는 아이에요. 😆

❗ 특이사항
-어린 강아지 특성상 이갈이 시기라 물건을 물어뜯을 수 있으니 조심 또 조심!! ☝️


[양평군 유기동물보호센터 품]
📞입양문의 031-770-2311
연중무휴 09:00~18:00(점심시간 12:00~13:00)",🥰 사람좋아함 | ⚡ 활동량많음 | 👀 호기심많음 | 📚 교육필요,5,5,5,5,7월출생/활발하고 활동성높음 사람을 좋아함.,318,False,,,,,
서울-시립1-2026-00094-P,개,[개] 믹스견,보호중,"<입양 신청 가능합니다.>

모두 나와 친구하자~ 활기 넘치는 하룻강아지, 
      ""재미""      -  3개월령 (2026년 06월생 추정) 

​
[성격]
• 사람 친화력 : 상 / 성급하게 다가가지 않는다면 먼저 다가와서 인사하는 순하고 착한 강아지
• 타 동물 친화력 : 상 / 다른 강아지들에게 먼저 놀자고 하거나 인사하는 호감형 강아지 (고양이 경험은 없습니다.)
• 에너지 레벨 :  상 / 어린 강아지답게 넘치는 에너지를 지니고 있습니다.
• 좋아하는 것 : 터그 놀이 장난감, 성향이 맞는 강아지, 먹을 것(사료나 간식 등 가리지 않아요).
• 싫어하는 것 : 현재까지 싫어하는 것은 관찰되지 않았습니다.  

[이상적인 가정] 
• 집에 상주하는 인원이 있어 혼자 있는 시간이 적은 가정
• 반려견 양육 경험이 있거나, 처음 반려견을 맞이하더라도 충분한 학습·준비된 가정으로 기본적인 훈련을 제공할 수 있어야 함.
• 평생을 함께 해 주실 가정",🥰 사람좋아함 | 🐶 다른개와잘지냄 | ⚡ 활동량많음 | 👀 호기심많음 | 📚 교육필요,5,5,5,5,"재미 / 모두 나와 친구하자~ 활기 넘치는 하룻강아지, ""재미""",485,True,,,,,
서울-시립2-2026-00052-P,개,[개] 토이푸들,보호중,"○ 성격 
- 사람 친화력 : 상, 사람 손길을 좋아하며 친화적으로 다가와요
- 타 동물 친화력 : 중, 사람과 가져와 놀이 하는걸 좋아해요, 장난감 소유욕이 있는편이에요
- 에너지 레벨 : 중
- 좋아하는 것 : 쓰담쓰담 손길, 사람과 공놀이
- 싫어하는 것 : 갖고있던 물건(장난감) 뺏기, 갑자기 만지기, 연령대가 높은 할머니, 할아버지

○ 이상적인 가정 
- 강아지를 키워본 경험이 있거나 처음이더라도 함께 배워나갈 가정
- 외동으로 키우실 가정 또는 타견과의 교육을 꾸준히 이어갈 수 있는 가정
- 집을 비우는 시간이 적은 가정",🥰 사람좋아함 | 😘 애교많음 | ⚡ 활동량많음 | 🎾 놀이좋아함 | 🏠 단독가정추천,5,5,4,5,캐치볼을 사랑하는 강아지 ‘땡칠’ 입니다.,301,True,,,,,
경기-남양주-2026-00259,개,[개] 믹스견,보호중,"동그란 눈망울과 쫑긋 선 귀가 너무나 사랑스러운 아이예요.🐕‍🦺🐾

하얀 크림빛 털에 귀여운 얼굴 무늬까지 , 보면 볼수록 매력이 넘치는 친구입니다.

잠시 예뻐해주는 가족이 아니라 아플 때도 곁에 있고 기쁠 때 함께 웃으며

평생 가족이 되어주실 분을 기다립니다💕",🥰 사람좋아함 | 🐶 다른개와잘지냄 | 🙂 활동량보통 | 🐕 산책가능,5,4,4,4,겁이 많지만 사람의 손길을 피하지 않음,148,False,,,,,
경기-양평-2026-00214,개,[개] 믹스견,종료(반환),"🐶친칠라를 닮은 듯한 멈무이🐶

🔎특징
-양쪽 귀의 털이 날개를 펼친듯한 외형이라 신비롭고 매력적
(색의 조화도 'so good' 하답니다~)
-빠져들 듯한 눈으로 아이컨택을 잘 함

😄성격/성향
-사람을 좋아하고 만져달라고 애교를 부리는 편
-차분한 성격이기도 하지만 조금은 소심한 모습이 있음
(친구들이 사람 주변에 많으면 파고들지 못하고 쭈뼛거리며 주변에 앉아서 자기를 만져주길 기다리고 있음)

❗특이사항
-아직 관찰된 특이사항이 없습니다


[양평군 유기동물보호센터 품]
📞입양문의 031-770-2311
연중무휴 09:00~18:00(점심시간 12:00~13:00)",,4,4,4,3,"경계심이 살짝 있지만 사람에게 공격성은 전혀 없음, 임신한 것으로 추정됨",322,False,,,,,
경남-진주-2026-00303,개,[개] 믹스견,보호중,*더 많은 사진은 인스타그램 jinju_dogs 참고해주세요^^,🙈 낯가림있음 | 😟 겁이많음 | 🧘 차분한성격 | 👂 경계심있음,4,2,2,2,겁많고 방어적 (엄살끼 있음),35,False,,,,,
경북-상주-2026-00271,개,[개] 믹스견,종료(안락사),"갈색 털이 매력적인 작은 신사!

처음에는 조금 겁이 많고 소심해 보일 수 있지만, 그만큼 신중하게 세상을 알아가는 아이예요. 낯선 것 앞에서는 한 걸음 물러서지만, 호기심 가득한 눈빛으로 천천히 용기를 내는 모습이 참 사랑스럽습니다.

부드러운 갈색 털과 순한 눈망울이 매력적인 이 아이는, 따뜻한 가족을 만나면 조금씩 마음을 열며 자신만의 속도로 성장해 갈 것입니다.

아직은 작은 아기 강아지. 앞으로 어떤 든든한 반려견으로 자라날지 더욱 기대되는 아이입니다.

이 아이의 첫 번째 용기가 되어 줄 평생 가족을 기다립니다. 🤎🐾",,,,,,"맨몸 상태, 온순함",298,False,,,,,
경기-양평-2026-00210,개,[개] 믹스견,종료(입양),"[입양예정으로 신청을 받지 않습니다]
🐶 천천히 마음을 여는 겁쟁이 🐶

🔎 특징
-쭉 뻗은 롱다리가 매력적인 아이😁
-짖거나 낑낑대는 모습을 본적이 없어요.😓
-피부질환으로 인해 털을 밀어놓은 상태예요 🐾
-동생과 함께 구조된 아이예요 🤎

😄 성격·성향
-먼저 다가오지는 않지만 도망가지는 않아요.😣
-한자리에서 오들오들 떨며 긴장하는 모습이 있어요 🥹
-조심스럽게 만져주면 얌전히 있어주는 순한 아이 🤍
-사람과의 교감이 아직은 조금 어색한 아이😑

❗ 특이사항
-피부병 많이 좋아진 상태. (털아 빨리 자라렴~~)😄


[양평군 유기동물보호센터 품]
📞입양문의 031-770-2311
연중무휴 09:00~18:00(점심시간 12:00~13:00)",🐶 다른개와잘지냄 | 😟 겁이많음,5,5,5,5,"전신 피부질환, 공고번호 26-209 남매이며, 차분한 성격을 갖고 있음",365,False,,,,,
경남-진주-2026-00250,개,[개] 믹스견,종료(입양),"아직 태어난 지 60일도 채 되지 않은 아주 어린 꼬마 친구입니다.
이 친구는 무척 순하고 조용한 성격을 가졌어요. 
가만히 얌전하게 눈을 맞추고 있으면, 보는 사람의 마음까지 포근하게 녹여주는 정말 사랑스러운 아이랍니다.

이제 막 세상을 알아가기 시작한 이 작은 천사에게는 차가운 보호소보다 따뜻하게 안아줄 평생 가족의 품이 간절히 필요합니다.
아직 어리기 때문에 앞으로 사랑을 듬뿍 받으며 자란다면 누구보다 든든하고 다정한 가족으로 성장할 거예요.",😌 차분함 | 🙈 낯가림있음 | 😟 겁이많음 | 🧘 차분한성격 | 👂 경계심있음,4,3,3,3,순하고 착하며 겁많음,253,False,,,,,
경기-양평-2026-00222,개,[개] 믹스견,종료(입양),"[신청자 다수로 신청서를 받지않습니다]
🐶 얌전한 애교쟁이 💕

🔎 특징
-아직 아기냄새가 나는 강쥐.🐾
-앞발 두 개가 장화를 신은 듯 하얀 털이 매력적🤍
-얌전하고 차분한 편🥰

😄 성격·성향
-처음엔 조금 낯가리는 스타일😒
-기다려 주면 먼저 다가와줘요😚
-한 번 만져주면 계속 다가와 만져달라고 해요.🥰
-같이있다 자리를 뜨면 아쉬운 듯 울기도 해요.💕

❗ 특이사항
-자라면서 이가 가려워 물건을 물어 뜯을 수 있어요😭
(손가락 조심☝️)


[양평군 유기동물보호센터 품]
📞입양문의 031-770-2311
연중무휴 09:00~18:00(점심시간 12:00~13:00)",,5,5,4,4,온순하지만 겁이 많음/ 양쪽 앞 발 흰색 털 / 구조당시 전신피부질환 관찰됨,323,False,,,,,
경기-양평-2026-00242,고양이,[고양이] 러시안 블루,보호중,"[양평군 유기동물보호센터 품]
📞입양문의 031-770-2311
연중무휴 09:00~18:00(점심시간 12:00~13:00)",,5,4,4,4,경계심 있지만 온순한 편 / 오른쪽 안구 혼탁 / 중성화 추정됨,70,False,,,,,
경기-남양주-2026-00313,개,[개] 마리노이즈,종료(입양),"🌼 라온 (남아 / 생후 2개월+ / 말리노이즈 믹스)

말리노이즈는 뛰어난 지능과 충성심을 가진 견종으로, 보호자와 함께하는 시간을 무엇보다 좋아합니다💕

운동과 훈련을 즐기며 교감할수록 더욱 빛나는 아이입니다 🐾

다만 활동량이 매우 많은 견종인 만큼 충분한 산책과 놀이, 꾸준한 교육이 필요합니다.

귀여운 외모만 보고 결정하기보다 평생 책임감을 가지고 함께해 주실 가족을 찾고 있습니다

작고 귀여운 아기인 지금도 소중하지만, 성견이 된 이후까지도 변함없이 사랑해 주실 가족을 기다립니다. 😍",🥰 사람좋아함 | ⚡ 활동량많음 | 👀 호기심많음 | 📚 배변교육중,4,5,4,5,착하고 사람 손길을 잘 따름,279,False,,,,,
경남-사천-2026-00265,고양이,[고양이] 한국 고양이,보호중,"알콩이를 소개합니다.♥

호기심 가득한 눈망울을 가진 아기고양이 알콩이에요!
처음에는 조금 낯설어하지만 친해지면 애교도 듬뿍 보여주는 사랑스러운 애기랍니다.
형제인 달콩와는 다르게 이목구비가 당연 이쁘지만 더 귀여운 면이 많은 것 같아요 좀 더 순하기도 한거 같고요!

그리고 단짝 친구이자 형제와 함께 뛰어놀때 가장 신나 보여요.★
장난감 놀이도 정말 좋아하고 스크래처를 야무지게 긁는 모습도 아주 귀엽고 귀엽답니당.

새로운 환경에서도 조금만 시간이 지나면 적응도 금방하는 편이라 사랑을 듬뿍 받으며 지내다 보면 더 활발하고 애교 많은 고양이로 쑥쑥 자랄 것 같은 알콩이에요.♥

우리 알콩이 정말 이뻐요, 많은 입양 신청 부탁 드립니다.",🥰 사람좋아함 | 😘 애교많음 | ⚡ 활동량많음 | 👀 호기심많음 | 🐱 고양이와잘지냄,4,4,4,4,활달한 성격,359,False,,,,,
서울-시립1-2026-00077-P,개,[개] 믹스견,종료(입양),"<입양 완료입니다. 감사합니다>

밝은 미소로 품에 쏙 안기는, 구름같은 ""슈미 "" 

[성격]
• 사람 친화력 : : 상/ 손을 내밀면 반갑게 품에 안깁니다.
• 타 동물 친화력 : 상/ 조용하게 잘 지냅니다.
• 에너지 레벨 : 중상/ 활발하고 장난기가 많습니다.
• 좋아하는 것 : 사람의 품과 스킨십, 맛있는 음식, 장난감 공
• 싫어하는 것 : 아직 관찰된 것은 없습니다.
• 기타 특징 : 편식 경향이 있습니다.

[이상적인 가정]
• 집에 상주 인원이 있어 혼자 있는 시간이 적은 가정
• 건강관리를 꼼꼼히 해 줄 수 있는 가정
• 반려견 양육 경험이 있거나, 처음 맞이하더라도 반려견에 대한 학습과 준비를 충분히 마친 초등 이상의 자녀를 둔 가정",🥰 사람좋아함 | 🐶 다른개와잘지냄 | 🙂 활동량보통 | 👶 아이와잘지냄,3,4,5,5,"슈미 / 밝은 미소로 품에 쏙 안기는, 구름같은 ""슈미 """,369,True,,,,,
경기-양평-2026-00204,개,[개] 스피츠,종료(반환),"[양평군 유기동물보호센터 품]
📞입양문의 031-770-2311
연중무휴 09:00~18:00(점심시간 12:00~13:00)",,5,,,,사람을 좋아하고 먼저 다가오는 활발한 성격,70,False,,,,,
서울-시립2-2026-00065-P,개,[개] 믹스견,종료(입양),"○ 성격 
- 사람 친화력 : 상, 사람 손길을 좋아하며 친화적으로 다가와요
- 타 동물 친화력 : 중, 익숙한 친구들과는 잘 어울려 놀아요
- 에너지 레벨 : 중
- 좋아하는 것 : 사람과 장난감 놀이, 쓰담쓰담 손길, 친구들과 놀기
- 싫어하는 것 : 없음

○ 이상적인 가정 
- 강아지를 키워본 경험이 있거나 처음이더라도 함께 배워나갈 가정
- 어린 연령에 맞는 사회화 교육을 이어갈 수 있는 가정
- 집을 비우는 시간이 적은 가정",🥰 사람좋아함 | 😘 애교많음 | 🙂 활동량보통 | 👀 호기심많음 | 📚 배변교육중,3,3,4,5,이제 막 세상을 배워가는 애교둥이 강아지 ‘로빈’ 입니다.,245,True,,,,,
경기-양평-2026-00175,개,[개] 믹스견,종료(기증),"🐶 작지만 존재감은 가득한 애교쟁이 🐶

🔎 특징
-체구가 작고 아담한 아이 🤍
-쫑긋 선 귀와 맑은 눈이 매력 포인트 ✨
-활발하고 밝은 에너지가 넘침 ☀️

😄 성격/성향
-사람을 정말 좋아하는 애교쟁이 💕
-친구들에게는 조금 밀리지만 사람에게는 적극적 🐾
-관심받고 함께하는 시간을 좋아함 🥰

❗ 특이사항
-다른 강아지들 사이에서는 소심한 편이지만, 사람과의 교감은 누구보다 좋아함 🤍


[양평군 유기동물보호센터 품]
📞입양문의 031-770-2311
연중무휴 09:00~18:00(점심시간 12:00~13:00)",,5,5,5,5,"파랑 바탕에 붉은 중앙선 목걸이 착용, 사람을 보면 먼저 반기며 굉장히 밝은 성격을 지니고 있음",292,False,,,,,
경기-양평-2026-00231,개,[개] 라브라도 리트리버,보호중,"[양평군 유기동물보호센터 품]
📞입양문의 031-770-2311
연중무휴 09:00~18:00(점심시간 12:00~13:00)",,4,5,5,5,"위기동물 인수제, 사람을 좋아하고 순한편.",70,False,,,,,
서울-노원-2026-00005-P,개,[개] 믹스견,보호중,"알면알수록 빠져드는 매력 😉💕
소심한 호기심쟁이 '멜로'를 소개합니다 ✨

[서울-노원-2026-00016]
옅은 갈색 스누피와 똑닮은 멜로!🐶
멜로는 마시와 함께 센터에 입소했어요! 겁이 많은 편이어서 처음 센터에 입소했을땐 몸을 사시나무 떨듯 벌벌 떨었답니다. 그리고 사람이 갑자기 안으려고하면 소리를 지르며 피하려는 모습도 있어요. 그래도 조금씩 적응하며 점차 나아지는 모습을 보이고 있습니다. 멜로는 항상 사람과 일정 거리를 유지하지만, 그래도 궁금하긴한지 계속 근처를 맴돌고, 보호자라고 느끼게되면 어딜가든 졸졸 따라다니기도 합니다ㅎㅎ
멜로는 일반 가정이 아니라 많은 개체가 한 공간에서 생활하는 환경에서 지내왔기때문에 기초적인 교육부터 차근차근 배워야해요. 처음 센터에 왔을 땐 배변패드를 구별할줄 몰랐는데, 근래에는 배변패드 위에서 배변활동을 하는 모습을 보이는걸보면 아마도 똑똑한 친구인 것 같습니다 😊💕
센터에 온 지 얼마되지않아 지금은 모든 것이 낯설고 무서워 밤에 직원들이 퇴근하고 혼자 남겨질때면 배변패드를 뜯는 등 많이 불안해하는 편입니다. 

불안형 강아지 멜로를 안정형 강아지로 변화시켜주실 평생 가족분들 기다리겠습니다🏠❣️

☎️ 입양문의 [노원 댕댕하우스] 02-933-8500",😟 겁이많음 | 👀 호기심많음 | 😿 분리불안있음 | 📚 교육필요 | 🙈 낯가림있음,5,3,3,2,"순함, 소심, 겁많음, 분리불안",620,True,,,,,
제주-제주-2026-01779,개,[개] 믹스견,종료(입양),"어미없이 눈을 갓 뜨려고 하는 시기에 6남매가 같이 보호소에 들어왔어요!
6마리 모두 미모가 출중해요.
지금 생후 한달 남짓한  최강 귀여움이 폭발하는 아기강아지
보드라운털도 폴폴나는 아기 냄새도
아직은 엄마나 가족품이 더 필요한 천사
사랑 듬뿍줄수 있는 가족을 기다립니다!!

1.2kg (8/7기준)",🥰 사람좋아함 | 😘 애교많음 | ⚡ 활동량많음 | 👀 호기심많음 | 🐶 다른개와잘지냄,4,5,5,5,개체관리번호 1450 - 2주차,169,False,,,,,
강원-삼척-2026-00096,개,[개] 믹스견,보호중,"따스한 눈빛이 매력적인 🤍솔찬이🤍를 소개합니다.🤗

✅외    향
- 그윽한 까만 눈망울이 매력적이예요!🫶🏻
- 지금을 미용을 했지만 하얗고 긴 부드러운 솜털을 지니고 있어요!👏🏻👏🏻

☑️성    격
- 안겨 있는 것을 좋아해요! 🫰
- 애교가 많고, 스킨쉽을 좋아해요!👍
- 다른 강아지들이랑 다툼이 있어요😭",🥰 사람좋아함 | 😘 애교많음 | ↔️ 다른개와거리필요 | ⚡ 활동량많음,5,5,5,5,순함,174,False,,,,,
경기-양평-2026-00200,개,[개] 믹스견,종료(입양),"[[신청자 다수로 신청마감]

[양평군 유기동물보호센터 품]
📞입양문의 031-770-2311
연중무휴 09:00~18:00(점심시간 12:00~13:00)",,5,5,4,4,겁이 조금 있으나 사람을 보면 꼬리를 흔들며 다가옴.,87,False,,,,,
제주-제주-2026-02313,개,[개] 믹스견,보호중,"손, 앉아 훈련되어 있음.",🥰 사람좋아함 | 😌 차분함 | 🙂 활동량보통 | 🧘 차분한성격,4,2,4,4,개체관리번호 1854 - 파란목줄/심장사상충,14,False,,,,,
경기-양평-2026-00235,개,[개] 믹스견,보호중,"[양평군 유기동물보호센터 품]
📞입양문의 031-770-2311
연중무휴 09:00~18:00(점심시간 12:00~13:00)",,4,5,4,4,겁은 많지만 사람을 잘 따름,70,False,,,,,
강원-강릉-2026-00193,개,[개] 비숑 프리제,종료(입양),"🤍 웃는 얼굴에 똑똑함까지! 개인기 만렙 왕자님 '버디'를 소개합니다 🐾

버디는 옥계의 한 호텔 인근에서 발견되었어요.
털은 조금 지저분했지만 중성화도 되어 있었고
사람을 잘 따르는 순한 모습에 가족이 꼭 찾아올 거라고 생각했지만
아직까지 버디를 찾는다는 연락은 오지 않고 있어요...

그래서 이제는 조심스럽게
버디와 평생을 함께해 줄 새로운 가족을 기다리고 있습니다.🤍

사진 속 환한 미소처럼 버디는 사람을 정말 좋아하고
낯가림도 거의 없이 금세 친해지는 사랑스러운 왕자님이에요.🥹

비숑 같기도 하고 푸숑 같기도 한 오묘한 외모.
하지만 그게 뭐가 중요할까요?
보는 순간 ""귀엽다!""라는 말이 절로 나오는, 그 자체로 사랑스러운 버디인걸요. 🤍

게다가 보기보다 훨씬 똑똑하기까지 합니다!
✨ 앉아
✨ 엎드려
✨ 손
✨ 하이파이브
✨ 빵!
다양한 개인기를 척척 해내는 것은 물론,
장난감을 던져주면 신나게 물어오는 놀이도 정말 좋아합니다. 🎾

간식에도 집중을 잘하고, 사람과 함께 노는 시간을 무척 좋아하는 친구예요.
밝고 활발한 성격이지만 지나치게 에너지가 넘치는 스타일은 아니라서
함께 산책하고 놀며 일상을 보내기에 더욱 매력적인 버디입니다.💛

사진보다 실제로 만나면 훨씬 더 사랑스럽고
한 번 만나면 자꾸만 눈길이 가는 매력을 가진 버디가
평생 함께할 가족을 기다리고 있습니다.

버디의 미소가 앞으로는 매일 행복으로 가득할 수 있도록
새로운 시작을 함께해 주세요. 🏡🤍

안녕하세요 강릉시동물사랑센터입니다 😊
해당 아이의 입양 절차 관련하여 안내드립니다.
센터에서는 공고기간 중 입양처를 미리 결정하지 않으며,
선착순 입양이 아닌 입양심사를 통해 가장 적합한 가정으로 최종 입양을 진행하고 있습니다.
공고기간 중에도 입양신청서 접수는 가능하며,
입양심사는 공고 마지막날 이후부터 순차적으로 진행될 예정입니다.
문의 전 참고 부탁드리며,
아이에게 잘 맞는 가족을 신중히 찾기 위한 과정인 만큼 양해 부탁드립니다 🙏
감사합니다.",🥰 사람좋아함 | 🎾 놀이좋아함,4,4,5,5,"온순함, 푸숑 추정",976,False,,,,,
경북-상주-2026-00314,개,[개] 믹스견,보호중,"뽀송뽀송, 부들부들한 털에
작고 사랑스러운 모습이 마치 아기 고슴도치를 쏙 닮은 아이예요.🦔❤

따뜻한 사랑을 듬뿍 받으면 예쁘게 자라날 공주님입니다. ❤

사랑받는 행복한 강아지로 살아갈 수 있도록
평생 곁을 지켜줄 따뜻한 가족이 되어주세요🐾",🥰 사람좋아함 | 😘 애교많음 | 🐶 다른개와잘지냄 | 👀 호기심많음,3,4,3,4,온순함,136,False,,,,,
제주-제주-2026-02188,개,[개] 믹스견,보호중,"세상 제일 귀여운 백곰인형같은 강아지에요.
사람 손길이면 누구나 다 좋아해줘요
작고 귀여운 발이 총총 움직이면 그 자체로 마냥 행복해져요
엄마 젖을 풍분히 먹고 자란 사랑둥이.. 이제는 사람사랑을 듬뿍 먹을 준비가 되었어요.
가족을 기다립니다!

2.35kg (9/30기준)",🥰 사람좋아함 | 😘 애교많음 | 🐶 다른개와잘지냄 | ⚡ 활동량많음 | 👀 호기심많음,4,5,5,5,개체관리번호 1765 - 1개월,153,False,,,,,
서울-포핸-2026-00032-P,개,[개] 믹스견,보호중,"포인핸드 경의숲점에서 ""옹심""이라는 이름으로 사회화 프로그램에 참여 중이에요 🐶

말랑말랑 구수한 감자 강아지 🥔 옹심이를 소개합니다 🤍

작은 얼굴에 커다란 눈망울 👀 야무진 발 크기를 자랑하는 옹심이에요 🐾

옹심이는 사람을 정말 좋아하고 호기심도 많아요 ✨️

아는 척을 하면 꼬리를 흔들며 다가와서 손에 장난을 친답니다 💓

신나게 놀다가도 어디든 스르륵- 누워 순식간에 꿈나라로 떠나는 아기예요 😴💤

꼬순내 가득한 귀염둥이 💕 옹심이의 평생 가족을 찾아요 🏠

[몸무게]
260921 - 2kg
260929 - 2.9kg",🥰 사람좋아함 | 😘 애교많음 | 🐶 다른개와잘지냄 | 🎾 놀이좋아함 | 👀 호기심많음,4,4,4,5,개체관리번호 1591 - 1주차/항문옆 외상. 구더기,297,True,,,,,
경남-진주-2026-00305,개,[개] 오시두들,종료(반환),"복슬복슬한 털과 다정한 눈빛을 가진 이 아이는 잉글리쉬 쉽독이나 푸들을 닮은 귀여운 외모를 자랑하는 사랑스러운 믹스견이에요. 
처음 보는 사람에게도 꼬리를 흔들며 먼저 다가올 정도로 성격이 정말 착하고 온순하답니다.

어떤 환경에서도 가족들의 듬직하고 다정한 막내가 되어줄 준비가 완벽하게 되어 있어요. 
진주시유기동물보호소에서 이모, 삼촌들의 사랑을 듬뿍 받으며 지내고 있지만, 이제는 온전한 자신의 가족 품에서 함께 산책도 하고 포근한 일상을 보냈으면 좋겠습니다.

*더 많은 사진은 인스타그램 jinju_dogs 참고해주세요^^",🥰 사람좋아함 | 😘 애교많음 | 🙂 활동량보통 | 👀 호기심많음 | 🎾 놀이좋아함,4,3,4,5,순하고 착함,298,False,,,,,
제주-제주-2026-01753,개,[개] 믹스견,종료(입양),"필요치 않은 움직임에는 크게 동요하지 않는 진중한 꼬마멍뭉이
하지만 밥앞에서는  누구에게도 지지 않는 빠른 스피드를 보여줘요!
불린 사료 먹고 있어요.
털 색깔도 그레이와 브라운의 그 어디쯤.. 오묘해요!!
유니크한 매력까지 넘치는 이 귀여운 천사의 가족이 되어주세요!

1.4kg (8/11기준)",🐶 다른개와잘지냄 | 🙂 활동량보통 | 👀 호기심많음,4,3,4,4,개체관리번호 1426 - 1주차,166,False,,,,,
경기-양평-2026-00180,개,[개] 믹스견,종료(안락사),"🐶 천천히 마음을 열고 있는 까망이 🐶

🔎 특징
-까만 털과 귀여운 표정이 매력적인 아이예요.🖤
-왼쪽 뒷다리를 사용하지 못하고 있어요.🥺

😄 성격/성향
-아직 낯가림과 경계심이 많은 편이에요.
-사람이 다가오면 숨는 모습을 보여요.
-예전보다 짖음은 많이 줄어들며 조금씩 변화하고 있어요.🐾

❗ 특이사항
-사람이 보이면 몸을 피하는 습관이 있어요.😭


[양평군 유기동물보호센터 품]
📞입양문의 031-770-2311
연중무휴 09:00~18:00(점심시간 12:00~13:00)",,4,4,1,1,"겁이 많고 경계심 높음, 좌측 후지 파행 관찰됨 교통사고 추정",272,False,,,,,
경기-양평-2026-00238,개,[개] 믹스견,보호중,"[양평군 유기동물보호센터 품]
📞입양문의 031-770-2311
연중무휴 09:00~18:00(점심시간 12:00~13:00)",,4,4,4,4,사람을 잘 따르고 순함,70,False,,,,,
경기-가평-2026-00069,개,[개] 믹스견,보호중,"누렁이 아기 삼남매와 함께 구조되어 온 조용하고 차분한 어미견 아이를 소개합니다 🐾✨
⠀
이 아이는 세상에서 제일가는 얌전이★예요 🤫💕
간식에도 크게 탐내지 않고 🍗❌, 장난감 놀이에도 잔잔하지만 🧸❌
그렇다고 사람을 싫어하는 건 절대 아니랍니다! 😉
그저 조금 수줍고, 조금 '시크'한 스타일일 뿐이에요 🕶️✨
⠀
아기들을 다 키워내고 이제야 겨우 자기 자신으로 살아가는 법을 배우는 중이라,
아직 마음 표현이 낯설고 수줍음이 많아요 🥺💖
이 아이에게 ""사랑받으면 애교쟁이가 될 수 있다""는 걸 알려줄 다정한 울타리가 필요합니다 🏡🌸
⠀
✨ 아이의 최고 장점!
🚫 헛짖음 전혀 없음! 🚫 입질 전혀 없음! 
털 빠짐은 살짝 있는 편이지만 🧹✨ 사랑스러운 빗질 몇 번이면 문제없답니다 🥰
⠀
조용히 다가와 곁을 내어주는 은근한 매력의 소유자 🐕
이 아이만의 속도에 맞춰 기다려주시고,
숨겨진 애교를 짠! 하고 꺼내주실 영원한 가족을 기다립니다 💌✨


🔗인스타그램 - @gapyeong_animal",😌 차분함 | 😟 겁이많음 | 🙈 낯가림있음 | 🧘 차분한성격,4,3,3,3,"가평읍 경반안로 단독주택/초록색 목걸이,쇠사슬 목줄 착용",502,False,,,,,
서울-시립1-2026-00083-P,개,[개] 믹스견,종료(입양),"< 입양 완료되었습니다. 감사합니다>

산책을 좋아하는 신사적 매너를 지닌 강아지  ""이코""

[성격]

• 사람 친화력 : 상 / 처음에는 낯을 가리나, 금세 친해지며 사람 말을 잘 따릅니다.

• 타 동물 친화력 : 중상 / 함께 지내는 다른 강아지 친구들과 잘 지냅니다. (고양이 경험은 없습니다)

• 에너지 레벨 : 상 /  빠르게 적응하며, 호기심이 많아 활발하고 궁금한 것에 대해 큰 흥미를 느낍니다.

• 좋아하는 것 : 상 / 사람과의 스킨십, 귀엽다는 칭찬, 맛있는 간식, 낯선 물건들, 산책

• 싫어하는 것 :  갑작스러운 소리, 뾱뾱 소리(뾱뾱 장난감 포함), 시끄러운 환경

• 기타 특징 : 스킨십을 해주면 배를 보이며 발라당하고 다리를 드는 귀여운 행동을 합니다.

어느 누구와도 산책을 잘하는 영리한 친구입니다.

애니멀 호딩견으로 좁은 집 안에서만 생활했기 때문에 전반적으로 근력이 저하되어 있습니다. 다양한 활동을 통해 근력 강화를 하는 것이 중요합니다. 

​
[이상적인 가정] 

• 집에 상주 인원이 있어 혼자 있는 시간이 적고 차분한 분위기의 가정

• 반려견 양육 경험이 있거나, 처음 반려견을 맞이하더라도 충분히 학습·준비된 가정으로 기본적인 훈련을 해 주실 수 있어야 함.

• 평생을 함께 해 주실 가정",🥰 사람좋아함 | 🐶 다른개와잘지냄 | ⚡ 활동량많음 | 👀 호기심많음 | 🐕 산책가능,5,5,5,5,"이코 /  산책을 좋아하는 신사적 매너를 지닌 강아지  ""이코""",644,True,,,,,
경기-양평-2026-00268,개,[개] 믹스견,보호중,"[양평군 유기동물보호센터 품]
📞입양문의 031-770-2311
연중무휴 09:00~18:00(점심시간 12:00~13:00)",,4,5,5,5,사람을 좋아하고 만져도 피하지 않는 친화력 좋은 성격,70,False,,,,,
경기-양평-2026-00187,개,[개] 믹스견,종료(반환),"[양평군 유기동물보호센터 품]
📞입양문의 031-770-2311
연중무휴 09:00~18:00(점심시간 12:00~13:00)",,4,3,5,5,"구조 당시 베이지색 목걸이 착용. 낯가림이 없으며, 호기심이 많고 사람에게 애교가 많음.",70,False,,,,,
경기-남양주-2026-00299,개,[개] 믹스견,종료(입양),"깨비 🐾

2017년생으로 기록되어 있지만, 건강한 모습과 활발한 활동성을 보면 실제 나이는 조금 더 어릴 것으로 추정되는 요크셔테리어 깨비입니다.

사람을 무척 좋아하고 다정하며, 짖음도 거의 없는 조용하고 순한 성격을 가진 아이예요. 

처음 입소했을 때만 해도 누더기 같은 모습이라 보는 이들의 마음을 안타깝게 했습니다. 하지만 깨끗하게 씻기고 털을 살짝 다듬어주니, 숨겨져 있던 사랑스러운 얼굴이 그대로 나타났어요.

무엇보다 도깨비를 떠올리게 하는 귀여운 덧니가 깨비만의 특별한 매력! 조그만 체구에 촉촉한 눈망울, 사랑스러운 덧니까지 매력이 가득한 아이입니다.

사람의 따뜻한 품을 좋아하는 깨비가 이제는 오래도록 사랑받으며 지낼 수 있는 가족을 만나길 바랍니다. 💛",🥰 사람좋아함 | 😌 차분함 | 🐶 다른개와잘지냄,4,3,5,5,착하고 사람 손길을 잘 따름 인식칩 있음,379,False,,,,,
제주-제주-2026-01975,개,[개] 믹스견,종료(안락사),"겁이 많고 다가갔을때 살짝 으르렁 거렸으나, 조심히 쓰다듬으니 손길을 거부하지는 않음.",🙈 낯가림있음 | 😟 겁이많음 | 👂 경계심있음,4,3,3,3,개체관리번호 1602 - 2개월,48,False,,,,,
경북-상주-2026-00275,개,[개] 믹스견,보호중,공고번호 2026-00272 번과 같은 아이 입니다.,😘 애교많음 | 🥰 사람좋아함 | 🐶 다른개와잘지냄 | 👀 호기심많음 | ⚡ 활동량많음,3,5,4,5,목줄없음  순함,29,False,,,,,
서울-시립2-2026-00057-P,고양이,[고양이] 코리안숏헤어,종료(입양),"○ 성격 
- 사람 친화력 : 상, 사람 손길을 좋아하며 친화적으로 다가와요
- 타 동물 친화력 : 중, 익숙한 고양이 친구들과는 잘 어울려 놀아요
- 에너지 레벨 : 중
- 좋아하는 것 : 츄르, 장난감 놀이, 쓰담쓰담 손길
- 싫어하는 것 : 갑작스러운 손길

○ 이상적인 가정 
- 고양이를 키워본 경험이 있거나 둘째 냥이로 입양을 희망하는 가정
- 집을 비우는 시간이 적은 가정 
- 고양이에 대한 이해가 있고 배워나갈 의지가 있는 가정",🥰 사람좋아함 | 😘 애교많음 | 🐱 고양이와잘지냄 | ⚡ 활동량많음 | 👀 호기심많음,5,5,5,5,사람을 좋아하는 초롱 눈망울 ‘이월이’ 입니다,248,True,,,,,
경북-상주-2026-00317,개,[개] 믹스견,보호중,"보들보들한 털에서는 아기 강아지만의 포근한 꼬순내가 가득하고,
토끼를 닮은 귀는 아이의 귀여움을 한층 더해줘요. 🐰❤

이 사랑스러운 아기에게
따뜻하고 소중한 평생의 가족이 되어주실 분을 기다립니다. 🐾",🥰 사람좋아함 | 😘 애교많음 | 🐶 다른개와잘지냄 | 👀 호기심많음,3,4,3,4,온순함,113,False,,,,,
서울-시립2-2026-00073-P,개,[개] 푸들,보호중,"○ 성격  
- 사람 친화력 : 상, 사람을 좋아하고 친근하게 다가가는 편이에요.
- 타 동물 친화력 : 중상, 먼저 다가가서 친해지고 싶어해요
- 에너지 레벨 : 상
- 좋아하는 것 : 사람과 함께하는 시간, 밥 시간, 신나게 움직이는 것 
- 싫어하는 것 : 먹고 있을 때 뺏으려는 행동 (장난감 및 먹이 소유욕 강함)

○ 이상적인 가정 
- 젤라의 에너지를 함께 채워줄수 있는 활동적인 가정
- 주기적인 산책과 놀이를 꾸준히 해주실 수 있는 가정
- 건강하고 규칙적인 식습관을 만들어주실 수 있는 가정",👀 호기심많음 | ⚡ 활동량많음 | 🥰 사람좋아함 | 😘 애교많음 | 🐶 다른개와잘지냄,4,5,4,4,사랑과 에너지가 넘치는 젤라입니다,284,True,,,,,
서울-포핸-2026-00029-P,개,[개] 믹스견,종료(입양),"포인핸드 경의숲점에서 ""꿀떡""이라는 이름으로 사회화 프로그램에 참여 중이에요 🐶

파워 E 성향 아기 강아지 등장 ✨️ 꿀떡이를 소개합니다 🍡

꿀떡이는 포인핸드 경의숲점에서 지내던 ""콩떡이""와 동배랍니다.
동배 중 하나 남은 친구예요!

꿀떡이는 사람을 굉장히 좋아해요.
스스럼없이 다가가 모든 사람에게 인사를 나누고, 날아갈 듯 꼬리를 흔들며 반겨줘요 💕
뛰어난 사회성과 친화력으로 똘똘 뭉친, 멋진 아기 강아지랍니다 👍

빛나는 눈망울로 시선을 맞추며 온몸으로 애교를 부리는 모습에 심쿵... 💘
꿀떡이의 엄청난 애교를 본다면 다들 쓰러질지도 몰라요 😍

꿀떡이는 강아지 친구들에게 천천히 인사를 건낼 줄 알아요 🐾
매너있게 첫 인사를 나누고는 먼저 장난을 치며 어울려 노는 것을 좋아한답니다.

깜찍하고 발랄한 꿀떡이와 함께할 평생 가족을 찾아요 🏠

* 믹스견 특성 상 중형견 이상으로 자랄 수 있는 점 참고 부탁드립니다.

[몸무게]
- 260902 : 1.5kg
- 260908 : 2.1kg
- 260915 : 2.8kg",🥰 사람좋아함 | 😘 애교많음 | 🐶 다른개와잘지냄 | 🎾 놀이좋아함 | 👀 호기심많음,5,5,5,5,개체관리번호 1449 - 2주차,523,True,,,,,
경기-남양주-2026-00350,개,[개] 믹스견,종료(입양),"깜돌이 🐾

2020년생 치와와 믹스, 깜돌이를 소개합니다.

귀여운 얼굴에 살짝 낯을 가리는 깜돌이지만, 익숙해지면 사람 곁에 있는 것을 좋아하는 순한 아이예요.

간식도 정말 좋아하고, 특별히 까다로운 부분 없이 무난하고 편안한 성격을 가지고 있습니다.

다른 친구들과도 사이좋게 지내며, 가끔 원하는 것이 있을 때 요구성으로 짖기도 하지만 목소리가 큰 편은 아니에요.

이미 중성화도 되어 있는 깜돌이에게 편안하게 함께할 가족을 찾아주세요. 🤎",🥰 사람좋아함 | 🐶 다른개와잘지냄,4,4,4,4,"우측 눈 위 부분 부워 있으며, 피부병 있음, 엄청 순한 아이.",251,False,,,,,
경기-양평-2026-00255,개,[개] 믹스견,종료(입양),[신청자 다수로 신청서를 받지 않습니다],,,,,,7월출생/활발하고 성격있음.,22,False,,,,,
서울-시립2-2026-00074-P,개,[개] 믹스견,종료(입양),"○ 성격  
- 사람 친화력 : 중, 천천히 마음을 열어요
- 타 동물 친화력 : 상
- 에너지 레벨 : 중상
- 좋아하는 것 : 밥 시간, 조용한 환경에서 쉬는 것 
- 싫어하는 것 : 갑작스러운 손길, 낯선 환경

○ 이상적인 가정 
- 반려견을 키워 본 경험이 있거나 사회성 좋은 반려견이 있는 가정
- 편안하게 적응할 수 있는 차분하고 밝은 분위기의 가정
- 군밤이의 속도에 맞춰 꾸준히 교감하고 교육해주실 수 있는 가정",😌 차분함 | 🧘 차분한성격 | 👂 경계심있음 | 📚 교육필요 | 🐶 다른개와잘지냄,3,4,3,3,포근포근 사랑스러운 ‘군밤’입니다.,239,True,,,,,
경기-양평-2026-00229,개,[개] 요크셔 테리어,종료(반환),주인에게 반환예정.,,,,,,매우 얌전하며 사람을 잘 따르는 편 / 눈 주변 피부 질환 확인됨,10,False,,,,,
서울-시립1-2026-00087-P,개,[개] 믹스견,종료(입양),"<입양 진행중입니다. 감사합니다>

집중력이 뛰어난 공부 잘하는 똑똑한 강아지 ""클랜"" 


[성격]

• 사람 친화력 : 중상 / 처음에는 낯가림이 있지만,  친해지면 주변을 맴돌며 다가오는 예의 바른 친구입니다.

• 타 동물 친화력 : 중상/ 함께 지내는 강아지들과는 잘 지냅니다. (고양이 경험은 없습니다.)

• 에너지 레벨 :  중상 / 주변에 누군가가 있는가에 따라 경계심과 호기심 등 에너지가 달라집니다.

• 좋아하는 것 : 먹을 것(사료나 간식 등), 친한 사람과의 부드러운 스킨십. 

• 싫어하는 것 : 낯선 환경과 사람, 큰 막대기와 같은 위협적인 물체

• 기타 특징 : 지내온 환경 탓인지 경험 부족으로 기본 이미용에도 힘들어 하지만, 인내심이 강해 잘 참습니다.

트레이닝 교육 때 집중도가 높아 좋은 성과를 내는 편이라서 앞으로의 변화가 기대되는 친구입니다.

애니멀 호딩견으로 좁은 집 안에서만 생활했기 때문에 전반적으로 근력이 저하되어 있습니다. 다양한 활동을 통해 근력 강화를 하는 것이 중요합니다.  

​
[이상적인 가정] 

• 집에 상주 인원이 있어 혼자 있는 시간이 적은 가정

• 반려견 양육 경험이 있거나, 처음 반려견을 맞이하더라도 충분히 학습·준비된 가정으로 기본적인 훈련을 해 주실 수 있어야 함.

• 평생을 함께 해 주실 가정",🥰 사람좋아함 | 🙈 낯가림있음 | 📚 교육필요 | 👀 호기심많음 | 🏠 단독가정추천,5,4,4,4,"클랜  /  집중력이 뛰어난 공부 잘하는 똑똑한 강아지 ""클랜""",662,True,,,,,
서울-시립2-2026-00054-P,고양이,[고양이] 코리안숏헤어,종료(입양),"○ 성격 
- 사람 친화력 : 중, 만질 순 있지만 친해지는 시간이 필요해요
- 타 동물 친화력 : 중, 고양이 친구들과는 무난하게 같이 잘 있어요
- 에너지 레벨 : 중
- 좋아하는 것 : 츄르
- 싫어하는 것 : 갑작스러운 손길

○ 이상적인 가정 
- 고양이를 키워본 경험이 있거나 둘째 냥이로 입양을 희망하는 가정
- 집을 비우는 시간이 적은 가정 
- 고양이에 대한 이해가 있고 배워나갈 의지가 있는 가정",😌 차분함 | 🏠 단독가정추천 | 🧘 차분한성격,5,4,4,4,애교천사가 숨어있는 얌전한 고양이 ‘사월이’입니다,231,True,,,,,
경남-사천-2026-00237,개,[개] 믹스견,보호중,"토리를 소개 합니다.♥

똘망똘망한 큰 눈에 오목조목한 작은 얼굴 길쭉한다리 까지 갖춘 잘생긴 매력쟁이 토리에요.

순하고 사람을 정말 좋아하는 아이로 다가가서 만져주려고 하면 냅다 엎드려서 얌전히 손길을 느끼는 모습이 너무 사랑스러워요.♥
산책도 잘하고 주변을 살피며 호기심도 많은편이랍니다.

평소에는 순하고 착하지만 모르는 사람이 지나가면 짖으며 알려주는 똑똑하고 야무진 면도 있어요! 

큰 눈망을에 다정한 성격까지 가진 잘생긴 토리! 평생 함께 해주실 가족 찾아요.

많은 입양 신청 부탁드립니다.",🥰 사람좋아함 | ⚡ 활동량많음 | 👀 호기심많음 | 😘 애교많음,4,4,4,4,사람좋아하고 온순함,283,False,,,,,
경북-상주-2026-00294,개,[개] 믹스견,보호중,"🐾 눈을 마주치는 순간, 마음을 녹여버리는 사랑둥이입니다. 🤍

사람과 눈을 마주치며 교감하는 걸 좋아하고, 매우 온순하고 아이예요.
반짝반짝 빛나는 눈으로 조용히 바라봐주는 모습이 얼마나 사랑스러운지 몰라요. ✨

앉아, 기다려, 손도 할 줄 아는 똑똑함에
조금만 따뜻하게 다가가 주면 금세 마음을 열고 곁을 내어주는 아이랍니다.

애교도 얼마나 많은지요. 🥹
조용히 사람 곁으로 다가와 껌딱지처럼 찰싹 붙어 있는 걸 좋아해요.

그렇게 가까이에서 눈을 마주치고,
손길을 느끼고,
아무 말 없이 함께 있는 것만으로도 행복해하는 아이.

반짝이는 눈, 순한 마음, 따뜻한 애교.
사람을 좋아하고 사랑받을 준비가 되어 있는 아이입니다.

이 사랑둥이에게 평생의 가족을 선물해주세요. 🙏🏻",🥰 사람좋아함 | 😘 애교많음 | 😌 차분함 | 🐶 다른개와잘지냄 | 🐾 산책좋아함,3,4,5,5,연두색목줄한상태로구조,383,False,,,,,
서울-노원-2026-00003-P,개,[개] 잭러셀테리어,종료(입양),"호기심 가득! 장난기 가득! 🏃‍♂️💨
통통 튀는 활발한 에너지가 가득한 비스킷 소개합니다 ✨

[서울-노원-2026-00105]
까만 아이라인, 초롱초롱 빛나는 황금빛 눈동자 👀💫
직사각형의 탄탄한 몸을 자랑하는 비스킷 🐶
비스킷은 처음 보는 사람은 물론 강아지 친구도 너무너무 좋아해요! 경계심이라곤 찾아볼수 없는 해피 강아지랍니다 💕 다만, 가끔 같은 자리에서 한 방향으로 빙글빙글 도는 모습을 보이기도 하는데, 센터에 처음 왔을때보단 횟수가 줄어든 모습이에요! 비스킷은 굉장히 활동적인 강아지라 매일매일 적절한 운동 등을 통해 에너지를 소비해줘야 건강하고 행복하게 지낼 수 있어요! 그래서 야외활동을 선호하고 활동적인 성향의 가족분들이면 정말 좋을 것 같습니다 😊💕

해맑고 천진난만한 비스킷! 평생 가족을 기다립니다🏠❣️ 

☎️ 입양문의 [노원 댕댕하우스] 02-933-8500",🥰 사람좋아함 | ⚡ 활동량많음 | 👀 호기심많음 | 🎾 놀이좋아함 | 🐾 산책좋아함,5,5,5,5,"순함, 매우♾️활동적, 매우♾️활발함, 호기심 많음, 털빠짐, 마킹있음",441,True,,,,,
강원-삼척-2026-00120,개,[개] 믹스견,보호중,"형광등 100개 켜 놓은 미모 🤍꼬별이🤍를 소개합니다.🤗

✅외    향
- 그냥 보는 순간 사랑에 빠지는 미모예요..😭
- 뾰족털이 있는 귀가 너무 사랑스러워요!
- 4kg가 채 안되는 3.9kg.. 스몰 사이즈🫶🏻🫶🏻
 
☑️성    격
- 낯선 환경에 대한 겁이 살짝 있지만 금방 적응해요!
- 안겨있는 것을 좋아하고, 사람을 좋아해요! 🫰🫰
- 입이 짧아서 간식을 잘 안먹어요!",,4,5,5,5,"인수제로 입소 , 엄청 순함",215,False,,,,,
경기-양평-2026-00276,개,[개] 믹스견,보호중,"[신청서가 충분하여 받지 않습니다]

[양평군 유기동물보호센터 품]
📞입양문의 031-770-2311
연중무휴 09:00~18:00(점심시간 12:00~13:00)",,5,5,5,5,호기심 많고 온순함,91,False,,,,,
서울-시립1-2026-00071-P,개,[개] 비숑프리제,종료(입양),"< 입양완료입니다, 감사합니다.>

천천히 다가와 주세요, 섬세한 강아지 ""선재"" 

[성격] 
• 사람 친화력 : 중하 / 소심하여 초면에 낯을 가리지만, 친해지면 잘 따릅니다.
• 타 동물 친화력 : 상 / 다른 강아지와 잘 지내요.
• 에너지 레벨 : 중상 / 현재 입양센터에 적응하는 시기로 낯선 환경에 민감하나, 가끔 비숑타임인 ‘우다다’도 합니다.
• 좋아하는 것 : 익숙한 사람과 공간, 맛있는 간식
• 싫어하는 것 : 갇혀 있거나 혼자 있는것 
• 기타 특징 : 편식, 큰 소리에 놀라 도망가는 경향이 있어 차분하고 천천히 접근이 필요합니다.

[이상적인 가정] 
• 집에 상주 인원이 있어 혼자 있는 시간이 적은 차분한 분위기의 가정
• 반려견 양육 경험이 있거나, 반려견을 처음 맞이하더라도 충분히 학습·준비된 가정
• 평생을 함께 해 주실 가정",🥰 사람좋아함 | 🙈 낯가림있음 | 🐕 산책가능 | 🙂 활동량보통 | 😌 차분함,5,3,3,4,"선재 / 천천히 다가와 주세요, 섬세한 강아지 ""선재""",427,True,,,,,
경기-양평-2026-00266,개,[개] 포인터,보호중,"[양평군 유기동물보호센터 품]
📞입양문의 031-770-2311
연중무휴 09:00~18:00(점심시간 12:00~13:00)",,5,5,5,5,"빨간 목줄 착용, 순하고 사람 좋아함",70,False,,,,,
경남-밀양-2026-00426,개,[개] 믹스견,종료(입양),"마치 시바견을 쏙 닮은 아가 강아지 4남매 중
두 마리는 평생 가족을 만나게 되어 남은 두 친구들이(공고번호 426, 428) 가족을 기다리고 있어요♥

아직 2-3개월령으로 추정되기에 세상에 대해 아는 것도, 경험한 것도 없는 아가 강아지들은 호기심이 많아 어서 많은 경험도, 사랑도 받고 싶답니다♥",🥰 사람좋아함 | 🐶 다른개와잘지냄 | 😘 애교많음,4,5,5,5,"4두 형제 입소, 매우 귀여움, 온순함, 시바견 닮은 외모",168,False,,,,,
경기-가평-2026-00046,개,[개] 믹스견,종료(입양),"🚨 첫 번째 심장 폭행범! 4남매 중 유일한 청일점 첫째를 소개합니다 🚨
(사실 진짜 첫째인지는 모르겠지만 공고번호를 먼저 받았으니 첫째라고 하자고 강아지들끼리 합의함) 

이 친구는 처음 보면 조금 겁이 많고 소심한 성격이라, 너무 긴장한 나머지 찔끔 오줌을 지리기도 하는 순둥이 겁쟁이예요 🥺💧 

하지만 그 모습을 보고 조심스레 다가가면, 언제 무서워했냐는 듯 사람 손길을 정말 너무너무 좋아한답니다! 👐🥰

오히려 먼저 다가와 따뜻한 손에 얼굴을 비비적거리며 폭풍 애교를 부리는 사랑스러운 반전 매력의 소유자예요! 😍💕

아직 세상에 발을 내딛기 시작한 아주 어린 아기라 그냥 존재 자체가 치명적으로 귀여운데, 특히 만두처럼 찰떡같이 쏙 접힌 귀가 이 아이의 치명적인 매력 포인트랍니다! ❤️👂 

식욕도 아주 활달하고 왕성해서 챙겨주는 사료도, 달콤한 간식도 가리지 않고 뇸뇸 씩씩하게 잘 받아먹는 기특한 먹방 요정이기도 해요 😋🍚

아직 예방접종을 맞고 있는 완전 꼬물이 아기라서 밖에서 제대로 된 산책은 한 번도 안 해봤지만, 좋은 가족을 만나 넓은 세상을 함께 걸을 날을 손꼽아 기다리고 있어요! 🌳🐾 

귀여운 겁쟁이이자 눈물 나게 사랑스러운 우리 첫째의 가족이 되어주실 분🏠💌 💖

🔗인스타그램 - @gapyeong_animal",,4,3,3,3,"청평면 삼회리 단독주택 주변/목걸이,목줄 없음/자견",641,False,,,,,
경기-남양주-2026-00330,개,[개] 믹스견,종료(입양),"🌾 보리

세 마리가 함께 입소한 누렁이 남매입니다.

전체적으로 순하고 얌전한 성격으로, 어린 아가들답지않게 조심스럽고 차분한 모습을 보여주고 있습니다.

보리는 세 남매 중 가장 다리가 길고 비교적 활동성이 있는 남자아이예요.

사람을 바라볼 때 살짝 올라간 듯한 웃상인 입매가 매력 포인트로, 보고 있으면 절로 미소가 지어지는 귀여운 아이랍니다.

앞으로 어떤 모습으로 자라날지 기대되는 보리의 가족이 되어주세요. 💛",👀 호기심많음,5,3,4,4,순하고 귀여우며 사람을 좋아함,236,False,,,,,
서울-시립2-2026-00055-P,고양이,[고양이] 코리안숏헤어,종료(입양),"○ 성격 
- 사람 친화력 : 상, 사람 손길을 좋아하며 친화적으로 다가와요
- 타 동물 친화력 : 중, 고양이 친구들과는 무난하게 같이 잘 있어요
- 에너지 레벨 : 중
- 좋아하는 것 : 츄르, 쓰담쓰담 손길
- 싫어하는 것 : 없음

○ 이상적인 가정 
- 고양이를 키워본 경험이 있거나 외동 가정으로 반려하실 가정
- 집을 비우는 시간이 적은 가정 
- 고양이에 대한 이해가 있고 배워나갈 의지가 있는 가정",🥰 사람좋아함 | 🏠 단독가정추천 | 🙂 활동량보통 | 👀 호기심많음 | 😘 애교많음,3,4,5,5,사람을 좋아하는 애교 그 자체 꼬마냥 ‘십이월이’ 입니다,231,True,,,,,
경북-상주-2026-00299,개,[개] 믹스견,종료(입양),"🐾 아기 늑대 같기도, 아기 여우 같기도 한 사랑스러운 아이 🐾

온순하고 사랑스러운 성격을 가진 정말 예쁜 아이예요. 🤎
복슬복슬한 털이 너무 부드러워 한 번 쓰다듬기 시작하면 자꾸만 손이 가는 아이랍니다.

동글동글한 얼굴에 복슬복슬한 털을 보고 있으면
어쩐지 아기 늑대 같기도 하고, 귀여운 아기 여우 같기도 한 특별한 매력이 있어요. 🐺🦊

성격은 활발하고 호기심이 많아서
주변을 살펴보며 이곳저곳 궁금한 것도 많고, 신나게 움직이며 세상을 알아가는 사랑스러운 친구예요. 🥰

이 친구의 귀여운 매력 포인트는 바로 한쪽 발에 쏙 신겨진 것 같은 하얀 양말 무늬! 🧦🤍

거기에 오동통하고 뭉툭한 주둥이까지 더해져
귀여움이 한층 더 돋보이는 아이랍니다. 🥹💕

이 친구가 이제는 따뜻한 가족의 품에서 마음껏 뛰놀고 사랑받으며 살아갈 수 있기를 바랍니다. 🏡🐾",🥰 사람좋아함 | 😘 애교많음 | 🐶 다른개와잘지냄 | 👀 호기심많음 | ⚡ 활동량많음,3,5,4,5,온순함,427,False,,,,,
경북-영양-2026-00007,개,[개] 믹스견,종료(입양),"말랑말랑한 솜뭉치 같은 시골 댕댕이 4남매!
코에 동그랗고 네모난 우유를 묻혔어요 ㅎㅎ
복면을 쓴 것 같은 귀여운 얼굴이지만 아무것도 하지 않아도 사랑스러운 아이예요.
생애 가장 예쁘고 사랑스러운 시간을 평생 가족과 함께 보낼 수 있었으면 좋겠어요😊",🥰 사람좋아함 | 🐶 다른개와잘지냄 | ⚡ 활동량많음 | 👂 경계심있음 | 📚 배변교육중,4,4,4,5,성격 온순,139,False,,,,,
경기-양평-2026-00241,개,[개] 믹스견,보호중,"[양평군 유기동물보호센터 품]
📞입양문의 031-770-2311
연중무휴 09:00~18:00(점심시간 12:00~13:00)",,4,4,4,4,발견 당시 초록색 목걸이 + 쇠줄 / 온순하며 사람을 잘 따르지만 약간 소심한 모습,70,False,,,,,
경기-양평-2026-00182,개,[개] 믹스견,종료(입양),"[신청자 다수로 마감되어 신청서를 받지 않습니다]

[양평군 유기동물보호센터 품]
📞입양문의 031-770-2311
연중무휴 09:00~18:00(점심시간 12:00~13:00)",,4,4,3,3,"갈색 하네스 착용, 경계심 조금 겁이 많음, 품에 안기는 걸 좋아함",99,False,,,,,
경기-양평-2026-00280,개,[개] 비숑 프리제,보호중,"[양평군 유기동물보호센터 품]
📞입양문의 031-770-2311
연중무휴 09:00~18:00(점심시간 12:00~13:00)",,,,,,"구조당시 양측 안구 혼탁, 치아 대부분 소실, 피모 전반에 풀씨 및 이물질 다량 부착, 온순한 편",70,False,,,,,
서울-시립2-2026-00079-P,고양이,[고양이] 코리안숏헤어,보호중,"○ 성격   
- 사람 친화력 : 중상, 초반에는 조심스럽지만 장난감 하나면 친해질 수 있어요
- 타 동물 친화력 : 중
- 에너지 레벨 : 중상
- 좋아하는 것 : 장난감 놀이, 신나게 점프하기
- 싫어하는 것 : 갑작스러운 손길

○ 이상적인 가정 
- 손길이 익숙해질 수 있도록 둔감화 교육을 꾸준히 해주실 수 있는 가정
- 충분한 놀이와 교감을 통해 많은 시간을 보내주실 수 있는 가정 
- 활발한 에너지를 함께 채워주실 수 있는 가정",🙈 낯가림있음 | 😟 겁이많음 | 🎾 놀이좋아함 | 🙂 활동량보통 | 👂 경계심있음,4,4,2,2,장난감 놀이가 가장 즐거운 아기고양이 ‘직녀’입니다.,247,True,,,,,
제주-제주-2026-01971,개,[개] 믹스견,종료(안락사),사람에게 적극적으로 다가오지는 않지만 손길을 거부하지는 않아요.,😌 차분함 | 🙈 낯가림있음 | 🧘 차분한성격,4,3,3,3,개체관리번호 1598,35,False,,,,,
제주-제주-2026-01968,개,[개] 믹스견,종료(안락사),보호소에 적응중이라 소심하고 겁이 많음.,😌 차분함 | 🙈 낯가림있음 | 😟 겁이많음,4,3,3,3,개체관리번호 1596 - 1개월,22,False,,,,,
제주-제주-2026-01907,개,[개] 믹스견,종료(안락사),사람을 좋아하고 차분함. 강아지들 사이에서 대장역할.,😌 차분함 | 🥰 사람좋아함,4,3,3,4,개체관리번호 1550 - 3개월,29,False,,,,,
경기-남양주-2026-00383,개,[개] 믹스견,보호중,"말랑이 🐾

7살 추정의 아주 작은 포메라니안 말랑이예요.
포메 특유의 앙칼지고 자기주장이 확실한 면이 있지만, 간식과 사료를 정말 좋아하는 먹보랍니다. 🥰

사람을 바라볼 때 살짝 웃는 듯한 표정을 지을 때면 너무나 사랑스러워요.
현재 군데군데 털이 빠져 털이 고르지 않은 모습이지만, 미용과 관리가 더해지면 한층 예쁜 모습으로 변신할 것 같아요.

옷을 입히거나 빗질할 때는 싫다는 의사표현을 확실하게 하는 편이라, 말랑이의 성향을 존중하며 천천히 맞춰줄 가족을 기다리고 있어요.
작지만 당당하고 매력 넘치는 말랑이의 가족이 되어주세요. 💛",🐶 다른개와잘지냄 | 🧘 차분한성격,3,3,3,4,착하고 사람 손길을 잘 따름,304,False,,,,,
서울-포핸-2026-00024-P,개,[개] 믹스견,종료(입양),"포인핸드 경의숲점에서 ""슈가""이라는 이름으로 사회화 프로그램에 참여 중이에요 🐶

사람을 너무 좋아하는 사회성 만렙, 사랑둥이 슈가를 소개합니다! 🖤

쫑긋 솟은 여우 귀와 삐죽삐죽, 몽실몽실한 털, 초롱초롱한 까만 콩 눈망울이 사랑스러운 슈가예요.
슈가는 쫑긋 선 두 귀와 삐죽삐죽한 까만 털, 짜리몽땅한 몸매까지 매력적인 외모를 가졌어요 ✨️

어디든 뽀르르- 달려가 호기심을 보이고, 발랄한 에너지로 깡총깡총- 뛰어 노는 것을 좋아한답니다 🐶
슈가는 사람도 너무나 좋아하는 사회성 만렙, 사랑둥이에요 💖
슥슥 🫳 쓰다듬으면 벌러덩 누워 배를 보여주는 순딩이랍니다 💕

귀여움으로 똘똘 뭉친 슈가의 평생 가족을 찾아요 🏠

[몸무게]
260727 - 1.05kg
260811 - 2kg",🥰 사람좋아함 | 😘 애교많음 | 🐶 다른개와잘지냄 | ⚡ 활동량많음 | 👀 호기심많음,4,5,5,5,개체관리번호 1338 - 1개월,385,True,,,,,
경남-창원1-2026-00491,개,[개] 믹스견,종료(입양),"시중 들게 하는 마성의 매력 ""헤이즐""을 소개합니다!

어느 마을에서 구조되어 보호소로 오게 된 헤이즐과의 첫 만남은 얼굴만 숨기고 없는 척 하는 모습이였어요
'어? 애기 어딨지?' 한마디에 슬쩍 쳐다보다가 눈 마주치니까 다시 숨는 귀여운 멍충미가 가득했죠
목욕 전 겁을 잔뜩 먹어서 물 닿자마자 응가는 많이 했지만 다행히 잘 협조해준 고마운 아이입니다

입소 한 지는 한 달이 되진 않았지만 소심하던 아이가 점점 밝아지는 모습을 보여주고 있어요
헤이즐은 낯가림이 좀 있지만 귀여움 받는 건 또 엄청 즐기는 친구랍니다
쓰담쓰담하고 손을 뒤로 살짝 빼면 자기가 다가와서 더 해달라는 식으로 손을 햛아줘요

친구들에겐 낯가림 없이 잘 뛰어 놀고 바닥에 발이 닿으면 사뿐사뿐 신나게 잘 뛰어 다닙니다
헤이즐의 미소를 보면 같이 행복해져요
밥은 자기가 먹고 싶을 때 먹는 편이지만 손에 사료를 들고 있으면 잘 드시기 때문에 시중드는 기분도 나쁘진 않구나.. 이런 생각도 들게 해줍니다

우리 헤이즐에게도 가족이 생긴다면 얼마나 좋을까요?",🐶 다른개와잘지냄 | 🥰 사람좋아함 | 😘 애교많음 | 🎾 놀이좋아함,4,4,3,4,"26년 5월생 추정, 착용품 없음 (공고 중 입양 가능)",520,False,,,,,
강원-강릉-2026-00197,개,[개] 믹스견,종료(입양),"💙 해맑은 웃음이 매력인 장꾸 왕자님, '해동이'를 소개합니다! 💙

해동이는 보호소로 들어온 삼남매 중 유일한 롱다리 왕자님입니다. 🐾
형제들보다 쭉 뻗은 다리에 해맑은 미소까지!
사진만 봐도 기분이 좋아질 만큼 밝은 에너지를 가진 사랑스러운 아가예요.

현재는 임시보호처에서 생활하며 사람과 함께하는 일상에 잘 적응하고 있어요!
새로운 환경도 금세 익숙해지는 적응력 좋은 친구라 처음 보는 공간에서도 
씩씩하게 탐험을 시작하는 용감한 개린이랍니다.🐶

성격은 전형적인 아기 강아지!
호기심이 많아서 여기저기 구경하는 걸 좋아하고, 
장난감만 보이면 신나게 뛰어다니는 똥꼬발랄한 장꾸예요. 
밥도 냠냠 잘 먹고, 건강하게 잘 뛰어놀며 하루하루 무럭무럭 자라고 있습니다. 💙

사람도 좋아하고, 함께 지내는 강아지 친구들과도 자연스럽게 어울리는 사회성을 가졌어요.
늘 웃는 것 같은 표정 덕분에 함께 있는 사람까지 덩달아 미소 짓게 만드는 매력을 가진 해동이예요.

아직은 세상을 하나씩 배워가는 어린 강아지인 만큼,
해동이의 평생 가족이 되어 함께 성장해 주실 따뜻한 분을 기다리고 있습니다. 🏡🐶",🥰 사람좋아함 | 😘 애교많음 | 🐶 다른개와잘지냄 | 👀 호기심많음,5,5,5,5,"2-3개월 추정 , 작고 소중한 개린이",559,False,,,,,
경남-진주-2026-00304,개,[개] 믹스견,보호중,*더 많은 사진은 인스타그램 jinju_dogs 참고해주세요^^,🙈 낯가림있음 | 😟 겁이많음 | 😌 차분함 | 🧘 차분한성격 | 👂 경계심있음,4,2,2,2,겁많고 조용함,35,False,,,,,
제주-제주-2026-01789,개,[개] 믹스견,종료(입양),"꼬리자가 발전으로 움직이는 인형 같은  귀여운 진도믹스 퍼피에요!
불린 사료 잘 먹고 있어요.
시크한 표정이지만 나름 생각도 많고 진중한 멍뭉이 느낌쓰에요!!
한참 귀여울 이 어린꼼의 평생 든든한 가족이 되어주세요!

1.2kg (8/11기준)",🥰 사람좋아함 | 👀 호기심많음 | 🙂 활동량보통,4,4,4,4,개체관리번호 1460 - 2주차,136,False,,,,,
경북-상주-2026-00295,개,[개] 믹스견,보호중,"🐾 동글동글한 얼굴에 짜장 주둥이를 가진 사랑스러운 아이 🐾

처음에는 낯선 환경과 사람을 살짝 조심스러워하지만,
조금만 기다려주고 천천히 다가가면 금세 경계를 풀고
어느새 헤헤 웃는 사랑스러운 얼굴을 보여주는 아이랍니다. 🥹🤍

놀 때는 또 얼마나 귀여운 개구쟁이인지! 😆
신나게 뛰어놀며 장난치는 모습에서는 천진난만한 매력이 가득해요.

평소에는 차분한 성격이라
곁에서 조용히 함께 시간을 보내기에도 참 좋은 아이예요.
조심스럽게 마음을 열어가는 모습이 오히려 더 사랑스럽고,
한번 마음을 열고 보여주는 웃음은 정말 특별하답니다. 💕

그리고 이 친구를 더욱 사랑스럽게 만들어주는 매력 포인트!
바로 동글동글한 얼굴과 짜장처럼 까만 주둥이예요. 🖤
보고 있으면 자꾸만 쓰다듬어주고 싶은 귀여운 얼굴을 가진 아이랍니다.

이 사랑스러운 친구가 이제는 안전하고 따뜻한 가족의 품에서
마음껏 웃으며 살아갈 수 있기를 바랍니다. 🏡🐾",🥰 사람좋아함 | 😟 겁이많음 | 🐶 다른개와잘지냄 | 😌 차분함 | 👀 호기심많음,3,5,4,4,온순함,464,False,,,,,
경북-상주-2026-00262,개,[개] 믹스견,보호중,"까만 머리와 하얀 바탕 위의 검은 점무늬가 너무나 귀여운 여자아이입니다.

커다란 귀는 쫑긋한 매력을 더해주고, 동그랗고 예쁜 눈망울은 바라볼수록 빠져드는 매력이 있어요.

어디에서도 볼 수 없는 특별한 외모와 사랑스러운 분위기를 가진 아이.

평생 함께하며 이 아이만의 귀여운 매력을 발견해 줄 가족을 기다리고 있습니다. 🤍🐶",,,,,,맨몸상태 온순함,183,False,,,,,
제주-제주-2026-01782,개,[개] 믹스견,종료(입양),"어미없이 눈 갓 뜰 시기에 6남매가 보호소에 들어왔어요
귀여움에 한도가 있다만 이 꼬마천사들은 그 한도를 이미 초과했어요 :)
당차게 흔드는 꼬리마져 눈을 뗄수 없는 미친 사랑스런 존재감
불린 사료도 잘먹어서 충분히 가족 품으로 입양갈수 있는 준비가 되어있어요!
사랑둥이의 평생 가족을 기다립니다!

1.2kg (8/7기준",🥰 사람좋아함 | 🐶 다른개와잘지냄 | 😘 애교많음 | ⚡ 활동량많음,4,5,5,5,개체관리번호 1453 - 2주차,180,False,,,,,
서울-시립2-2026-00067-P,개,[개] 말티즈,종료(입양),"○ 성격 
- 사람 친화력 : 중, 처음엔 조금 낯설어 하지만, 스킨십을 좋아합니다.
- 타 동물 친화력 : 중상, 친해진 친구에게는 핥기 등 애정표현이 적극적입니다
- 에너지 레벨 : 상, 친구들 중에 가장 활발한 편입니다.
- 좋아하는 것 : 살살 만져주는 스킨십
- 싫어하는 것 : 쫓아다니는 것, 갑자기 만지는 것

○ 이상적인 가정 
- 강아지를 키워본 경험이 있거나 처음이더라도 함께 배워나갈 가정
- 배변, 산책 및 둔감화 교육등 기본 훈련을 꾸준히 이어갈 수 있는 가정
- 집을 비우는 시간이 적은 가정",🥰 사람좋아함 | 🙈 낯가림있음 | 🐶 다른개와잘지냄 | ⚡ 활동량많음 | 📚 배변교육중,4,5,4,4,따뜻한 마음을 가진 흰둥이 아르가입니다.,289,True,,,,,
경북-상주-2026-00272,개,[개] 믹스견,종료(입양),"🤎똘망똘망 빛나는 눈망울이 한눈에 시선을 사로잡는 아이입니다.

성격은 온순하면서도 활발한 매력을 가지고 있어요. 사람과 함께 뛰어놀 때는 에너지가 넘치고, 새로운 것이라면 무엇이든 궁금해하는 호기심 많은 아기 강아지예요. 작은 것 하나에도 눈을 반짝이며 세상을 배워가는 모습이 정말 사랑스럽습니다.

애교도 많고 사람의 관심과 사랑을 받는 것을 좋아하는 아이입니다. 따뜻한 손길과 다정한 말 한마디에도 금세 마음을 열고, 함께하는 시간만으로도 행복해하는 순수한 매력을 가지고 있습니다.

이 아이의 반짝이는 눈망울이 평생 한 가족만을 바라볼 수 있도록, 따뜻한 품을 내어주실 가족을 기다리고 있습니다.

평생 함께할 소중한 인연을 기다립니다.🐶🤎",🥰 사람좋아함 | 😘 애교많음 | 🐶 다른개와잘지냄 | ⚡ 활동량많음 | 👀 호기심많음,3,5,4,4,"맨몸 상태, 온순함",362,False,,,,,
경기-양평-2026-00178,개,[개] 믹스견,종료(안락사),"🐶온순하고 차분한 누렁이🐶

🔎특징
-가만히 앉아 있으면 어느센가 옆에 와서 듬직하게 곁을 지켜 줌
-기지개를 켤 때마다 마치 발레를 하는 것처럼 우아하게 몸을 쭈~욱 펴는 모습이 정말 귀엽고 사랑스러움
(성별이 수컷인 건 안비밀...💛)

😄성격/성향
-사람을 좋아해서 꼬리 치며 반겨 주지만, 아직 만지는 것은 별로 안 좋아 함
-정말 온순하고 차분한 성격을 가진 아이
-호기심이 많아서 먼저 다가와 냄새를 맡고, 조심스럽게 핥아 줌
-놀이터처럼 넓은 공간에서 노즈워크 놀이 하는 것을 좋아 함

❗특이사항
-목줄 X
(목줄을 채우면 바닥에 납작 엎드려서 꼼짝을 안 함😢😢)


[양평군 유기동물보호센터 품]
📞입양문의 031-770-2311
연중무휴 09:00~18:00(점심시간 12:00~13:00)",,3,1,3,3,"구조 당시 파란 목걸이 착용, 기력이 많이 저하된 상태이며 잘 걷지 못함. 온순한 성격을 가짐.",396,False,,,,,
경기-양평-2026-00207,개,[개] 믹스견,종료(입양),"[입양예정으로 신청서를 받지 않습니다]
🐶 활발하고 애교 많은 장난꾸러기 🐶

🔎 특징
-호피 무늬에 웨이브진 털이 매력적인 아이 🤍
-왼쪽 앞발에만 흰 장갑을 꼈음 🐾

😄 성격/성향
-손을 내밀면 살짝살짝 깨물며 장난을 걸어요 💕
 (아프게 깨물진 않아요~~~~~)
-다른 친구들과 잘 어울림 (사교성 굿 ~~)🥰
-밝고 활발한 성격 🐶
-다른 친구가 괴롭히면 앙앙앙앙 싫다고 표현해요😇

❗ 특이사항
-목줄 착용은 교육이 필요해요.🤗


[양평군 유기동물보호센터 품]
📞입양문의 031-770-2311
연중무휴 09:00~18:00(점심시간 12:00~13:00)",,5,5,5,5,"길가에서 구조, 사람을 좋아하고 잘따르며 활발함.",318,False,,,,,
강원-삼척-2026-00105,고양이,[고양이] 한국 고양이,종료(입양),"고양이계의 아프로디테 💛구름이💛를 소개합니다.🤗

✅외    향
- 그냥 너무 예쁘게 생겼어요😍
- 치즈와 고등어 무늬가 완벽한 조화를 이뤄요!👍
- 보호 본능을 자극하는 아련미가 있어요! 🫶🏻

☑️성    격
- 가만히 푹 안겨있는 것을 좋아해요😭
- 차분한 성격이예요!
- 사람을 좋아해요!👍",🥰 사람좋아함 | 😘 애교많음 | 😌 차분함 | 🐱 고양이와잘지냄 | 🧘 차분한성격,3,3,4,5,안구 비강 삼출물,166,False,,,,,
경기-가평-2026-00073,개,[개] 믹스견,보호중,~입양진행중~,,,,,,"설악면 유명로 단독주택 부근 배회/목걸이,목줄 없음/ 9개월 추정",7,False,,,,,
경남-창원1-2026-00498,개,[개] 믹스견,보호중,"이름부터 프린세스 그 잡채! ""공주""를 소개합니다!

공주는 어느 횟집에서 발견되어 구조되어 온 친구인데요
처음 보호소로 왔을 때 너무 마르고 기운도 없고 식사도 안하셔서 공고 기간 중이였지만 수액을 맞아야 할 정도로 기력이 없었어요 ㅠㅠ
어느정도 식욕을 찾았지만 바로 파보 양성으로 다시 병원에서 격리되어 치료를 받았습니다

현재는 건강도 되찾았고 걷고 뛰는 것 보단 안기는 걸 더 좋아하는 이름 따라 우아하고 차분한 공주님이 되셨어요!
평소엔 차분하지만 사람이 보이면 일어서서 반겨주는 친화적인 성향을 보여준답니다

우리 공주님께 간식도 잘 챙겨주시고 빗질과 섬세한 관리를 책임져 주실 멋진 집사가 생기길 바랍니다

p.s 현재 보호소에 공주라는 이름을 가진 동명의 친구들이 셋이 있어요
통통한 공주(20-506), 큰 공주(21-48) 그리고 지금 소개 중인 마른 공주가 있어요
셋 다 엄청난 매력을 가진 친구들입니다 다른 공주님들도 관심 부탁드립니다!",🥰 사람좋아함 | 😘 애교많음 | 😌 차분함 | 🧘 차분한성격,4,2,4,5,"착용품 없음, 마른 편",480,False,,,,,
제주-제주-2026-01972,개,[개] 믹스견,종료(입양),사람에게 조심스레 다가옴. 살짝 낯가림 있음,😌 차분함 | 🙈 낯가림있음 | 🙂 활동량보통,4,4,3,3,개체관리번호 1599 - 검정목줄,24,False,,,,,
서울-노원-2026-00004-P,개,[개] 믹스견,보호중,"호기심 넘치는 애교쟁이 😉💕
적응력 만렙 '마시'를 소개합니다 ✨

[서울-노원-2026-00135]
평소엔 펄럭펄럭 수제비 귀! 그러다 가끔씩 한쪽 귀를 쫑긋 세우기도 하는 신기한 개인기가 있는 마시!🐶
마시는 멜로와 함께 센터에 입소했어요! 겁이 있는 편이어서 처음 보는 사람 곁에 바로 다가오진 않지만, 보호자라고 느끼게되면 옆에 딱 붙어있으려고하는 껌딱지의 모습을 보이기도합니다😅
마시는 일반 가정이 아니라 많은 개체가 한 공간에서 생활하는 환경에서 지내왔기때문에 기초적인 교육부터 차근차근 배워야해요. 처음 센터에 왔을 땐 배변패드를 구별할줄 몰랐는데, 지금은 벌써 배변패드 위에서 배변활동을 하는 모습을 보이는걸보면 아마도 똑똑한 친구인 것 같습니다 😊💕
센터에 온 지 얼마되지않아 지금은 모든 것이 낯설고 무서울텐데도 전반적으로 잘 적응하는 모습을 보여주고 있는 기특한 마시! 다만 밤에 직원들이 퇴근하고 혼자 남겨질때면 불안함에 조금씩 짖기도해요.

마시가 멋진 강아지로 성장할 수 있도록 평생 곁에서 든든한 가족이 되어주실분들 기다리겠습니다🏠❣️

☎️ 입양문의 [노원 댕댕하우스] 02-933-8500",😟 겁이많음 | 😘 애교많음 | 👀 호기심많음 | 😿 분리불안있음 | 📚 교육필요,5,4,3,2,"순함, 활발, 겁있음, 분리불안",570,True,,,,,
강원-삼척-2026-00122,고양이,[고양이] 한국 고양이,종료(입양),"순둥순둥한🤍아름🖤를 소개합니다.🤗

✅외    향
- 초롱초롱한 회색빛 눈동자가 사랑스러워요. 🫶🏻
- 멋진 흰 자켓을 입엇어요! 😍 
 
☑️성    격
- 호기심이 많고 활동적이예요!🎶
- 사람을 좋아하고 애교가 많아요!🥰🥰🥰",🥰 사람좋아함 | 😘 애교많음 | 🐱 고양이와잘지냄 | 🙂 활동량보통 | ✅ 배변교육완료,4,5,5,5,공고전 입양가능,128,False,,,,,
제주-제주-2026-01947,개,[개] 믹스견,종료(안락사),사람을 좋아하고 애교가 많아요.,🥰 사람좋아함 | ⚡ 활동량많음 | 👀 호기심많음,4,4,4,4,개체관리번호 1580 - 1개월,17,False,,,,,
경남-진주-2026-00327,개,[개] 웰시 코기 카디건,보호중,"보호소 입소 당시, 아이는 낡은 똑딱이 목테를 하고 있었습니다. 
때가 타서 아이보리색처럼 보였지만 원래는 깨끗한 하얀색이었을 그 낡은 목줄은 누군가의 가족이었던 흔적 같아 마음을 더 뭉클하게 합니다.

하지만 이 친구는 지난 시간은 다 잊은 듯, 여전히 사람을 너무나도 좋아하고 애교가 넘쳐흐르는 사랑둥이랍니다. 
곁에 다가가 눈만 마주쳐도 꼬리를 치며 반가워하는 밝고 긍정적인 에너지를 가졌어요.",😘 애교많음 | 🥰 사람좋아함 | 🙈 낯가림있음 | ⚡ 활동량많음 | 👀 호기심많음,4,4,3,4,순하고 착함,223,False,,,,,
서울-시립2-2026-00078-P,고양이,[고양이] 코리안숏헤어,보호중,"○ 성격   
- 사람 친화력 : 상, 초반에는 조심스럽지만 사람을 좋아해 금세 골골송을 부릅니다
- 타 동물 친화력 : 중
- 에너지 레벨 : 상
- 좋아하는 것 : 사람과의 교감, 쓰다듬어주는 것
- 싫어하는 것 : 아직까지 확인되는 것은 없습니다.

○ 이상적인 가정 
- 고양이를 키워본 경험이 있거나 둘째 냥이로 입양을 희망하는 가정
- 충분한 놀이와 교감을 통해 많은 시간을 보내주실 수 있는 가정 
- 활발한 에너지를 함께 채워주실 수 있는 가정",🙈 낯가림있음 | 😌 차분함 | 🎾 놀이좋아함 | 🙂 활동량보통 | 👀 호기심많음,4,5,4,4,골골송으로 마음을 녹이는 ‘당근’입니다.,256,True,,,,,
제주-제주-2026-01876,개,[개] 포인터,종료(안락사),사람을 매우 좋아하고 에너지가 넘침.,🥰 사람좋아함 | 😘 애교많음 | ⚡ 활동량많음 | 👀 호기심많음,4,4,4,4,개체관리번호 1527 - 빨간목줄/심장사상충,20,False,,,,,
강원-삼척-2026-00099,개,[개] 믹스견,보호중,"순둥미가 넘치는 🧡시루🧡를 소개합니다.🤗

✅외    향
- 노란색 짧은 털에 윤기가 흘러요! 🫶🏻
- 약간 시바견을 닮았어요! 😊
- 기분 좋은 웃상이예요!😍

☑️성    격
- 사람을 좋아하고, 애교가 많아요!
- 순둥순둥 X 100 그냥 천사예요!",,4,4,5,5,순함.사람을 좋아함,142,False,,,,,
경기-남양주-2026-00285,개,[개] 푸들,종료(입양),"동글동글한 외모가 사랑스러운 동글이를 소개합니다 🐾

2022년생, 7kg의 남자아이로 비숑과 푸들이 믹스된 듯한 귀여운 모습을 하고 있어요. 중성화 수술도 마친 상태입니다.

이름처럼 동글동글한 얼굴과 포근한 분위기가 매력적인 동글이는 활발하고 밝은 성격으로 사람과 함께하는 시간을 좋아하는 아이예요.

조금 짖음이 보이지만, 그마저도 귀여운 개성으로 느껴질 만큼 사랑스러운 친구랍니다.

귀여운 외모는 물론 밝고 생기 넘치는 매력까지 가득한 동글이의 평생 가족이 되어주세요. 💛",🥰 사람좋아함 | 😘 애교많음 | 🐶 다른개와잘지냄 | 🎾 놀이좋아함 | 🗣️ 짖음있음,5,5,5,5,순하고 귀여우며 사람을 좋아함,269,False,,,,,
서울-시립2-2026-00058-P,고양이,[고양이] 코리안숏헤어,보호중,"○ 성격 
- 사람 친화력 : 상, 사람을 좋아해서 고로롱과 무한 박치기하는 애교냥이에요
- 타 동물 친화력 : 중, 고양이 친구들과는 무난하게 같이 잘 있어요
- 에너지 레벨 : 중
- 좋아하는 것 : 츄르
- 싫어하는 것 : 

○ 이상적인 가정 
- 고양이를 키워본 경험이 있거나 외동 가정으로 반려하실 가정
- 집을 비우는 시간이 적은 가정 
- 고양이에 대한 이해가 있고 배워나갈 의지가 있는 가정",🧘 차분한성격 | 🏠 단독가정추천 | 😘 애교많음 | 🙂 활동량보통 | 🥰 사람좋아함,5,3,4,4,사람이 좋은 개냥이 ‘일월이’입니다,227,True,,,,,
경남-밀양-2026-00424,개,[개] 믹스견,보호중,"새하얀 눈처럼 하얀 털에 쫑긋 솟은 귀가 돋보이는 깨비입니다♥

사람을 너무 좋아하는 모습이 돋보이는 깨비는 두말하면 잔소리! 애교쟁이 아가 강아지랍니다",🥰 사람좋아함 | 😘 애교많음,4,5,5,5,"밀양시동물보호센터 근처에서 파란목줄을 한 상태로 구조, 매우 온순, 사람을 잘 따름, 애교쟁이",85,False,,,,,
강원-삼척-2026-00115,개,[개] 믹스견,종료(입양),"졸린 눈이 매력적인 🤍바로🤍를 소개합니다.🤗

✅외    향
- 다 뜬 눈 맞아요!! 졸린거 아님!😭
- 순둥순둥한 비쥬얼! 성격도 똑같아요! 🫶🏻🫶🏻🫶🏻

☑️성    격
- 사람을 좋아해요! 🫰🫰
- 스킨쉽에 대한 거부감이 없어요!
- 순둥순둥하고 차분한 성격이예요!

🫶🏻입양완료🫶🏻",🥰 사람좋아함 | 😘 애교많음 | 😌 차분함 | 🐶 다른개와잘지냄 | ⚡ 활동량많음,5,5,5,5,"공고번호 2026-101자견 , 7월22일 출생",161,False,,,,,
경기-가평-2026-00047,개,[개] 믹스견,종료(입양),"🚨 지알디아 음성 (7/21일기준) 🚨 
-남매들 중 유일하게 양성이 떳던 둘째가 지알디아 음성이 떴어요!!


🚨 두번째 심장 폭행범! 4남매 중 첫 여자형제 둘째를 소개합니다 🚨
(사실 진짜 둘째인지는 모르겠지만 공고번호를 두번째로 받았으니 둘째라고 하자고 강아지들끼리 합의함) 

첫째와는 또 다른 매력으로 똘똘 뭉친 둘째는요, 사람을 진짜 엄~청 좋아하고 졸졸 잘 따르는 매력쟁이랍니다! 🥰❤️
 
겁이 많던 첫째와 달리 세상 무서울 게 없는 당당하고 호기심 많은 눈빛을 가졌어요! 😎✨

지금 한창 이가 간지러운 이갈이 시기라 그런지 이것저것 물어뜯고 노는 장난을 좋아하긴 하지만, 이건 아기 댕댕이라면 거쳐 가는 자연스러운 과정이라는 점! 🦷🦴 

워낙 영리해서 이 시기가 지나고 차근차근 교육만 해주신다면 금방 나아질 똑똑이랍니다 🎓💡

무엇보다 둘째의 킬링 포인트는 바로 하늘을 향해 쫑긋! 예쁘게 슨 귀예요! 쫑긋한 귀로 이모 삼촌들 목소리에 집중할 때마다 귀여워서 심장이 아플 지경이랍니다 😭 

귀여운 외모만큼이나 밥도 편식 없이 뇸뇸 잘 먹는 건강하고 씩씩한 꼬물이예요 😋🍚

애교가 철철 넘쳐서 보기만 해도 행복해지는 둘째의 평생 가족이 되어주실 분을 애타게 기다리고 있습니다! 🏠💌 💖

🔗인스타그램 - @gapyeong_animal",🥰 사람좋아함 | 😘 애교많음 | 🎾 놀이좋아함 | 👀 호기심많음,4,3,4,4,"청평면 삼회리 단독주택 주변/목걸이,목줄 없음/자견",648,False,,,,,
경기-양평-2026-00196,개,[개] 믹스견,종료(반환),"[양평군 유기동물보호센터 품]
📞입양문의 031-770-2311
연중무휴 09:00~18:00(점심시간 12:00~13:00)",,5,5,4,4,"양평소방서에서 인계, 순하나 겁먹은 상태.",70,False,,,,,
경기-양평-2026-00251,개,[개] 믹스견,종료(입양),"[신청자 다수로 신청을 마감합니다]
🤍 까만 귀염둥이 아기 강쥐 🤍

🔎 특징
-엄마를 쏙 빼닮은 예쁜 외모의 어린 강쥐.😍
-까만 털과 초롱초롱한 눈망울이 매력적.🖤
-목에 있는 흰 털은 매력포인트.👍

😄 성격·성향
-활발하고 에너지가 넘치는 어린 강쥐에요.😄
-호기심이 왕성한 아이랍니다. 🐾
-아직은 사람손이 익숙치 않은 강쥐에요.😘

❗ 특이사항
-어린 강아지 특성상 이갈이 시기라 물건을 물어뜯을 수 있으니 조심 또 조심!! ☝️


[양평군 유기동물보호센터 품]
📞입양문의 031-770-2311
연중무휴 09:00~18:00(점심시간 12:00~13:00)",⚡ 활동량많음 | 👀 호기심많음 | 🐶 다른개와잘지냄 | 📚 교육필요,5,5,5,5,"2026-128 자견, 2026.7.16 출생 / 활발하고 활동적임.",319,False,,,,,
경남-진주-2026-00302,개,[개] 믹스견,보호중,*더 많은 사진은 인스타그램 jinju_dogs 참고해주세요^^,😟 겁이많음 | 🙈 낯가림있음 | 🧘 차분한성격 | 👂 경계심있음,4,2,2,2,겁많고 방어적 (엄살끼 있음),35,False,,,,,
제주-제주-2026-01783,개,[개] 믹스견,종료(입양),"어미없이 귀염둥이만 6남매가 보호소 들어왔어요
귀여움이 넘치는 퍼피.  살아있는 곰인형같은 귀여운 외모
꼬리를 하늘거리며 전력질주 하는 모습을 보면 사랑하지 않을수 없어요.
불린 사료도 잘먹고 얼마 없으면 건사료도 충분히 먹을수 있을것 같아요.
보호소보다는 애정넘치는 집에서 사랑을 듬뿍 받아야할 귀요미
가족을 기다립니다!

1.2kg (8/7기준)",🥰 사람좋아함 | 🐶 다른개와잘지냄 | ⚡ 활동량많음 | 😘 애교많음,4,5,5,5,개체관리번호 1454 - 2주차,195,False,,,,,
경남-진주-2026-00245,개,[개] 믹스견,종료(입양),"이 친구는 보호소에서 태어나 지금까지 이모, 삼촌들의 따뜻한 보살핌과 사랑을 듬뿍 받으며 건강하게 자랐습니다. 
비록 태어난 곳은 보호소지만, 정성 어린 손길을 받고 자라 무척이나 순하고 착한 성격을 가졌답니다.

아직은 바깥세상이 낯설어 조금 겁이 많고 조심스럽지만, 다정한 눈맞춤으로 천천히 기다려주신다면 누구보다 사랑스러운 반려견이 되어줄 거예요.

자견 : 26-05-143",😌 차분함 | 🙈 낯가림있음 | 🧘 차분한성격 | 👂 경계심있음,4,2,3,3,겁많고 순하며 착함,213,False,,,,,
서울-시립1-2026-00079-P,개,[개] 믹스견,종료(입양),"<입양 진행중입니다. 감사합니다.>

조용한 분위기를 선호하는 사랑스러운 강아지 ""세먀"" 

[성격] 

• 사람 친화력 :  상 / 금세 친해지며 곁을 맴도는 것을 좋아하고 스킨십을 매우 즐깁니다.

• 타 동물 친화력 : 중 / 함께 지내는 다른 강아지 친구들과 잘 지냅니다. (고양이 경험은 없습니다)

• 에너지 레벨 :  상 / 빠르게 적응하며, 호기심이 많아 활발하고 장난감 반응도 좋습니다.

• 좋아하는 것 : 뾱뾱 소리 나는 장난감, 함께 지내는 강아지들, 사람과의 스킨십, 맛있는 간식.

• 싫어하는 것 : 강압적인 행위, 갑작스러운 큰 소리, 외로움. 

• 기타 특징 : 소리에 대한 반응이 좋으며 편식 경향이 있습니다. 

 애니멀 호딩견으로 좁은 집 안에서만 생활했기 때문에 전반적으로 근력이 저하되어 있습니다. 다양한 활동을 통해 근력 강화를 하는 것이 중요합니다.  

​
[이상적인 가정] 

• 집에 상주 인원이 있어 혼자 있는 시간이 적고 차분한 분위기의 가정

• 반려견 양육 경험이 있거나, 처음 반려견을 맞이하더라도 충분히 학습·준비된 가정으로 기본적인 훈련을 해 주실 수 있어야 함.

• 평생을 함께 해 주실 가정",🥰 사람좋아함 | 😘 애교많음 | ⚡ 활동량많음 | 👀 호기심많음 | 🏠 단독가정추천,5,5,5,5,"세먀/ 조용한 분위기를 선호하는 사랑스러운 강아지 ""세먀""",592,True,,,,,
제주-제주-2026-01934,개,[개] 허스키믹스,종료(반환),아직 어려서 까불기도 하고 에너지 넘침. 사람을 매우 좋아함.,🥰 사람좋아함 | 😘 애교많음 | ⚡ 활동량많음 | 👀 호기심많음,4,4,4,4,개체관리번호 1567 - 파란목줄,34,False,,,,,
강원-강릉-2026-00261,고양이,[고양이] 스코티시폴드,종료(자연사),"🐱 순둥순둥 폴드냥이, 온유를 소개합니다 🤍

길 위에서 홀로 발견된
스코티쉬 폴드 왕자님 온유입니다.

동글동글한 얼굴에 살짝 접힌 귀,
말랑말랑한 몸까지 너무나 사랑스러운 친구예요.

사진으로 보면 조금 도도해 보이지만
실제 온유는 정말 순둥순둥한 성격을 가지고 있습니다. 🥹

사람이 다가가도 피하지 않고
무언가를 해도 얌전히 가만히 있어주는 친구예요.
조심스럽게 사람을 잘 따라주는 애교있는 냥이라죠

다른 고양이 친구들과도 묘사실에서 생활하며 큰 트러블 없이 지내고 있어
새로운 환경에도 천천히 잘 적응하고 있습니다. 🐾

허피스 증상으로 눈물이 조금 있으며,
뒷발 패드가 살짝 까져 있는 것 외에는
큰 이상 없이 지내고 있습니다.

이렇게 예쁘고 순한 온유가
어쩌다 혼자 길 위에서 발견되었는지는 알 수 없지만
이제는 온유가 다시는 혼자 길 위에 서는 일이 없었으면 합니다.

조용히 곁을 내어주고 사람을 믿어주는 온유에게
평생 든든한 가족이 되어주실 분을 기다립니다. 🤍

📌 이름 : 온유
📌 성별 : 남아
📌 품종 : 스코티쉬 폴드 
📌 성격 : 매우 순하고 얌전함 / 사람을 피하지 않고 순둥함
📌 고양이 사회성 : 다른 고양이들과 큰 트러블 없이 지냄
📌 건강 : 허피스 증상으로 눈물 약간, 뒷발 패드 일부 까짐 외 특이사항 없음

온유의 평생 가족이 되어주세요. 🏡🤍",🥰 사람좋아함 | 😌 차분함 | 😘 애교많음,3,3,5,5,온순함,666,False,,,,,
서울-시립2-2026-00080-P,고양이,[고양이] 브리티시쇼트헤어,보호중,"○ 성격   
- 사람 친화력 : 중하, 만질 순 있지만 친해지는데 시간이 필요해요
- 타 동물 친화력 : 중
- 에너지 레벨 : 중하
- 좋아하는 것 : 조용히 쉬는 시간, 편안한 환경
- 싫어하는 것 : 갑작스러운 손길, 의료처치

○ 이상적인 가정 
- 고양이를 키워본 경험이 있거나 외동 가정으로 반려하실 가정
- 충분한 시간을 가지고 천천히 교감해주실 수 있는 가정 
- 만복이의 속도에 맞춰 꾸준히 사랑을 나눠주실 수 있는 가정",😟 겁이많음 | 🙈 낯가림있음 | 👂 경계심있음,4,3,2,2,"새하얀 털 속에 숨겨진 사랑, ‘만복’입니다.",245,True,,,,,
강원-강릉-2026-00237,개,[개] 믹스견,종료(입양),"🌷 1.2kg 쪼꼬미 공주님, 모찌를 소개합니다! 🌷

작고 소중한 몸에
귀여움을 한가득 담고 있는 아기 공주님, 모찌예요. 🐾🤍

모찌는 사람을 정말정말 좋아하는 아이예요.
사람만 보면 빛의 속도로 꼬리를 흔들흔들!
작은 몸에서 어찌나 열심히 꼬리를 흔드는지
보기만 해도 절로 웃음이 나는 사랑스러운 아이랍니다. 🥰

그리고 모찌에게는 또 하나의 특별한 매력이 있어요.

바로바로… “말 많은 수다쟁이”라는 것! 🗣️💕
사람에게 하고 싶은 말이 많은지
작은 목소리로 열심히 이야기를 건네는 귀여운 개린이예요.

아직 2개월령의 어린 아기지만
패드 배변 성공률이 무려 90%에 가까울 만큼 똑똑하고 야무져요.
밥도 냠냠 잘 먹고, 응가도 잘 하고,
하루하루 건강하게 쑥쑥 자라고 있는 기특한 아이랍니다. 🐶

사람 양말로 옷을 만들어 입어야 할 만큼
현재 체중은 고작 1.2kg! 👕🤍
작은 몸에 쏙 들어가는 양말 옷을 입고 있는 모습이
정말 인형처럼 귀엽답니다. 🥹

하지만 모찌에게도 힘든 시간이 있었어요.

입소 당시 몸무게는 겨우 900g.
등 쪽에는 외상으로 생긴 상처가 있었고
그 상처에는 심한 구더기 감염까지 발견되었어요.

작디작은 몸으로 치료를 견뎌야 했지만
모찌는 씩씩하게 치료를 이겨냈고,
지금은 상처 부위에도 새살이 예쁘게 차오르며
하루하루 좋아지고 있어요. 🌱

힘든 시간을 지나온 모찌가 이제는
아픈 기억보다 행복한 기억을 더 많이 만들 수 있도록,

작고 귀여운 모찌의 평생을 함께해 주실
따뜻한 가족을 기다립니다. 🤍",🥰 사람좋아함,4,5,5,5,등 부위 외상 상처 및 구더기 확인으로 현재 병원 치료 중,753,False,,,,,
경북-상주-2026-00315,개,[개] 믹스견,보호중,"뽀실뽀실 통통 털에 보고 있으면 절로 미소가 나는 사랑스러운 아기예요. 🐰❤

작은 몸에 호기심은 어찌나 많은지!
활발하고 에너지도 많아서
앞으로 얼마나 더 귀엽고 사랑스러운 모습으로 자랄지 기대되는 아이랍니다. 🥰

작고 귀여운 지금의 모습뿐 아니라
앞으로 함께 자라가는 모든 순간을 사랑해주실 분,
아이에게 평생의 가족이 되어주세요. 🐾",🥰 사람좋아함 | 🐶 다른개와잘지냄 | ⚡ 활동량많음 | 👀 호기심많음 | 😘 애교많음,3,5,3,5,온순함,190,False,,,,,
경남-진주-2026-00297,개,[개] 보더 콜리,종료(입양),"음엔 겁이 많아 이모, 삼촌들 뒤에 쏙 숨어 낯을 가리지만, 사실은 사람을 정말 좋아하는 착한 아이랍니다. 
조금만 시간을 두고 기다려주시면 조심스레 꼬리를 흔들며 다가오는 따뜻한 마음을 가졌어요.

보더콜리답게 무척 영리해서, 가족의 사랑과 믿음만 있다면 뭐든 스펀지처럼 흡수할 멋진 반려견이 될 거예요. 
지금은 낯선 환경 탓에 짐짓 경계하는 척하지만, 안전하고 포근한 집에서는 금세 해맑은 미소를 보여줄 거라 믿습니다.

*더 많은 사진은 인스타그램 jinju_dogs 참고해주세요^^",😘 애교많음 | 🥰 사람좋아함 | ⚡ 활동량많음 | 👀 호기심많음,4,5,3,4,겁 조금 있고 착하며 사람을 좋아함,274,False,,,,,
경북-상주-2026-00268,개,[개] 믹스견,종료(입양),"반짝이는 까만 털과 환하게 웃는 얼굴이 너무나 사랑스러운 아기 강아지입니다.❣️

이 아이는 정말 활발하고 에너지가 넘치는 성격으로 뛰어놀고 산책하는 것을 무척 좋아합니다.
호기심도 많아 새로운 것들을 하나하나 탐험하는 모습이 너무 귀엽고 사랑스러워요.

무엇보다 사람을 정말 좋아하는 애교쟁이입니다. 사람만 보면 반갑게 다가와 꼬리를 흔들고, 곁에 꼭 붙어 함께 시간을 보내고 싶어 하는 아이예요. 사랑을 주면 그보다 더 큰 애정으로 보답해 줄 따뜻한 마음을 가진 강아지입니다.

평생 함께 뛰어놀고, 함께 웃고, 함께 행복한 시간을 만들어 갈 가족을 기다리고 있습니다. 한 번의 선택이 아닌 평생의 약속으로, 이 아이의 따뜻한 가족이 되어주실 분을 기다립니다. 🖤🐶",🥰 사람좋아함 | 😘 애교많음 | 🐶 다른개와잘지냄 | ⚡ 활동량많음 | 👀 호기심많음,3,5,4,5,맨몸상태 온순함,374,False,,,,,
강원-삼척-2026-00101,개,[개] 믹스견,보호중,"삼척시동물보호센터 꽃미녀  🤍꽃님이🤍를 소개합니다.🤗

✅외    향
- 하얀색 바탕에 파스텔 베이지 색상의 윤기나는 털을 가지고 있어요!🫶🏻
- 까맣고 선한 눈이 사람을 끌어당겨요.👍

☑️성    격
- 배 뒤집기 선수! 발라당을 좋아해요. 😍
- 그냥 애교가 넘쳐 흘러요!❤️❤️❤️
- 남자에게 낯가림 있어요.",🥰 사람좋아함 | 😘 애교많음 | 🐶 다른개와잘지냄 | 🙂 활동량보통,5,5,5,5,임신중,177,False,,,,,
강원-삼척-2026-00102,개,[개] 믹스견,보호중,"짧은 다리가 매력적인 🖤억울이🖤를 소개합니다.🤗

✅외    향
- 한 뼘이 안되는 짧은 다리가 사랑스러워요😍
- 기분이 좋을때 귀가 뾰족 솟아요!🫶🏻
- 뒤편 왼쪽 다리 발가락이 3개지만 생활하는데 문제 없어요!

☑️성    격
- 가만히 푹 안겨있는 것을 좋아해요😭
- 애교가 그냥 넘쳐요 🖤🖤🖤
- 장난감을 좋아해요!",🥰 사람좋아함 | 😘 애교많음 | ⚡ 활동량많음,5,5,5,5,성격좋음 순함,181,False,,,,,
서울-시립1-2026-00089-P,개,[개] 믹스견,종료(입양),"<입양 진행중입니다. 감사합니다. .>

느긋하고 순한 동글 동글 강아지 ""파미유"" 

​
[성격]

• 사람 친화력 : 중상 / 겁이 있어 조금 무서워하지만, 친해지면 잘 따릅니다.

• 타 동물 친화력 : 상 / 함께 지내는 다른 강아지 친구들과 잘 지냅니다. (고양이 경험은 없습니다)

• 에너지 레벨 :  중 / 현재는 느긋하게 자주 누워있는 모습이 관찰돼요. 변화되는 모습이 기대됩니다.

• 좋아하는 것 : 아주 맛있는 간식, 사람의 스킨십. 누워 쉬는 것.

• 싫어하는 것 : 귀찮게 건들기. 갇혀진 공간.

• 기타 특징 : 힘이 세며 뜯는 것을 좋아함.

애니멀 호딩견으로 좁은 집 안에서만 생활했기 때문에 전반적으로 근력이 저하되어 있습니다. 다양한 활동을 통해 근력 강화를 하는 것이 중요합니다.  

​

[이상적인 가정] 

• 집에 상주 인원이 있어 혼자 있는 시간이 적고 차분한 분위기의 가정

• 반려견 양육 경험이 있거나, 처음 반려견을 맞이하더라도 충분히 학습·준비된 가정으로 기본적인 훈련을 해 주실 수 있어야 함.

• 평생을 함께 해 주실 가정",🥰 사람좋아함 | 👀 호기심많음 | 📚 교육필요 | 🏠 단독가정추천 | 🎾 놀이좋아함,5,3,5,4,"파미유 / 느긋하고 순한 동글 동글 강아지 ""파미유""",551,True,,,,,
서울-시립2-2026-00070-P,개,[개] 말티즈,보호중,"○ 성격  
- 사람 친화력 : 중상, 사람 무릎에 올라가 예쁨받는 걸 좋아합니다.
- 타 동물 친화력 :  중상, 익숙한 친구들과는 한 공간에서 안정적으로 잘 지냅니다.
- 에너지 레벨 : 상, 리드줄 착용하고 걷는 걸 좋아함
- 좋아하는 것 : 사람의 애정표현(스킨십)
- 싫어하는 것 : 안약 넣기, 귀청소 하기, 목욕하기
- 기타 특징 : 힘이 센 편이나 리드줄 훈련에 잘 따르고 있습니다.

○ 이상적인 가정
- 강아지를 키워본 경험이 있거나 처음이더라도 함께 배워나갈 가정
- 배변, 산책 및 둔감화 교육등 기본 훈련을 꾸준히 이어갈 수 있는 가정
- 집을 비우는 시간이 적은 가정",🥰 사람좋아함 | 😘 애교많음 | 🧘 차분한성격 | 📚 배변교육중 | 🐕 산책가능,4,4,4,4,가능성이 무궁무진한 순둥이 자미입니다.,331,True,,,,,
경기-가평-2026-00063,개,[개] 믹스견,보호중,"✨ ""입질이 뭐예요? 짖음이 뭐예요?"" 

🐾 세상에서 가장 순하고 애교 넘치는 천사 댕댕이가 평생 함께할 따뜻한 가족을 찾고 있어요! 

평소에는 세상 조신하고 얌전해서 집안에 같이 있는 것만으로도 마음이 평화로워지는 차분한 아이랍니다 🕊️✨

하지만 사람만 보면 반가워서 어쩔 줄을 몰라 할 정도로 사람 좋아하는 사교성 100% 사랑둥이에요! 사람이 살가운 손길로 다가가면 예쁜 앞발을 쏙! 들고 품에 와락 안기려고 할 만큼 애교가 정말 끝도 없이 쏟아진답니다 🫂💓 

게다가 헛짖음이나 입질은 일절 없는 무해함 1000% 순딩이라 초보 보호자분이나 아파트, 빌라 환경에서도 아무 걱정 없이 함께 생활할 수 있는 완벽한 매력 만점 강쥐예요 🏠✨ 

동글동글 보기만 해도 미소가 지어지는 귀여운 외모에, 신기하게도 몸무게 숫자로 느껴지는 크기보다 실물이 훨씬 아담하고 품에 쏙 들어오는 스타일이라 직접 만나보시면 다들 생각보다 작고 귀엽다고 놀라시곤 한답니다 🧸💕

굳이 단점을 하나 꼽자면 보기만 해도 사랑스러운 털이 쪼오오오끔 많이 빠진다는 점이지만 🧹 
쓱쓱 따뜻하게 빗질해 주면서 눈 맞추고 교감하는 소중한 시간이라 생각해 주실 다정한 집사님이라면 아무 문제 없을 거예요 빗질할 때 나오는 애교는 또 두 배가 되거든요! 빗질마저 즐거움으로 바꿔버릴 정도로 얼굴도, 마음도 완벽한 우리 천사 강쥐


🔗인스타그램 - @gapyeong_animal",😌 차분함 | 🙈 낯가림있음 | 🥰 사람좋아함 | 🧘 차분한성격,3,3,4,3,"상면 축령로 팝콘하우스 주변/빨강색 목걸이 착용,목줄 없음",701,False,,,,,
