shelter_name,total_n,comment_n,comment_coverage_pct,structured_comment_n,structured_comment_pct
양평군유기동물보호소,115,73,63.48,0,0.0
제주 동물보호센터,550,58,10.55,0,0.0
상주시 동물보호센터,70,31,44.29,0,0.0
서울시립동물복지지원센터 동대문,28,28,100.0,28,100.0
서울시립동물복지지원센터 마포,27,27,100.0,27,100.0
진주시동물보호센터,116,27,23.28,0,0.0
남양주시동물보호센터,158,21,13.29,0,0.0
사천시 동물보호센터,108,21,19.44,0,0.0
삼척시동물보호센터,45,18,40.0,0,0.0
가평군유기동물보호소,42,16,38.1,0,0.0
강릉시 동물사랑센터,112,12,10.71,0,0.0
포인핸드 경의숲점,12,12,100.0,0,0.0
밀양시 동물보호센터,142,9,6.34,0,0.0
창원동물보호센터,270,8,2.96,0,0.0
제2동물보호센터,190,7,3.68,0,0.0
노원반려동물문화센터 댕댕하우스,4,4,100.0,0,0.0
영양군유기동물보호소,4,4,100.0,0,0.0
원주시동물보호센터,165,4,2.42,0,0.0
군산유기동물보호센터,271,1,0.37,0,0.0
(사)동물보호관리협회,337,0,0.0,0,0.0
(사)동부동물보호협회,277,0,0.0,0,0.0
(사)영일동물플러스,230,0,0.0,0,0.0
119동물병원,36,0,0.0,0,0.0
24시아이동물메디컬,77,0,0.0,0,0.0
GD동물병원,16,0,0.0,0,0.0
가나동물병원,18,0,0.0,0,0.0
가정견훈련소,26,0,0.0,0,0.0
가정동물병원,97,0,0.0,0,0.0
강남동물병원,57,0,0.0,0,0.0
강동리본센터(reborn),11,0,0.0,0,0.0
강진군 유기견 보호소,29,0,0.0,0,0.0
강화군 동물보호센터,128,0,0.0,0,0.0
거제시동물보호센터,173,0,0.0,0,0.0
거창군 동물보호소,129,0,0.0,0,0.0
경동동물병원,226,0,0.0,0,0.0
경산시유기동물보호소,131,0,0.0,0,0.0
경주동물사랑보호센터,213,0,0.0,0,0.0
고령군 유기견 보호소,36,0,0.0,0,0.0
고성군 동물가족센터,30,0,0.0,0,0.0
고성군 동물보호센터,101,0,0.0,0,0.0
고양시동물보호센터,205,0,0.0,0,0.0
고흥군임시보호센터,93,0,0.0,0,0.0
곡성군동물보호소,33,0,0.0,0,0.0
공주시 동물보호센터,86,0,0.0,0,0.0
광명반함센터,1,0,0.0,0,0.0
광양시 임시보호소,98,0,0.0,0,0.0
광주TNR동물병원송정,139,0,0.0,0,0.0
광주TNR동물병원초월,111,0,0.0,0,0.0
광주동물보호센터,419,0,0.0,0,0.0
괴산증평동물보호센터,91,0,0.0,0,0.0
구례군동물보호센터,47,0,0.0,0,0.0
구로댕냥이네,7,0,0.0,0,0.0
구리시 반려돌봄센터,18,0,0.0,0,0.0
구미시 동물보호센터,87,0,0.0,0,0.0
군위종합동물병원,61,0,0.0,0,0.0
금강동물병원,7,0,0.0,0,0.0
길동물병원,33,0,0.0,0,0.0
김천시 동물보호센터,56,0,0.0,0,0.0
나주유기동물보호센터,396,0,0.0,0,0.0
남부여동물보호소,106,0,0.0,0,0.0
남산동물병원,73,0,0.0,0,0.0
남해군동물보호센터,47,0,0.0,0,0.0
내품애센터,19,0,0.0,0,0.0
노원반려동물문화센터,5,0,0.0,0,0.0
논산시 동물보호센터,174,0,0.0,0,0.0
늘푸른동물병원,52,0,0.0,0,0.0
다나동물병원,1,0,0.0,0,0.0
닥터 하 동물병원,2,0,0.0,0,0.0
단양군동물보호센터,10,0,0.0,0,0.0
담양군 동물보호센터,74,0,0.0,0,0.0
당진시동물보호소,138,0,0.0,0,0.0
대구수의사회(아이펫),33,0,0.0,0,0.0
대구시수의사회(더펫),41,0,0.0,0,0.0
대구시수의사회(동산),19,0,0.0,0,0.0
대구시수의사회(동인),38,0,0.0,0,0.0
대구시수의사회(보경),38,0,0.0,0,0.0
대구시수의사회(삼덕),2,0,0.0,0,0.0
대구시수의사회(삼성),52,0,0.0,0,0.0
대구시수의사회(평리),32,0,0.0,0,0.0
대구유기동물보호센터,110,0,0.0,0,0.0
대구유기동물보호협회,294,0,0.0,0,0.0
대전동물보호센터,344,0,0.0,0,0.0
대한동물사랑협회,21,0,0.0,0,0.0
더나은동물병원,92,0,0.0,0,0.0
데이지동물병원,18,0,0.0,0,0.0
동구종합동물병원,49,0,0.0,0,0.0
동물구조관리협회,16,0,0.0,0,0.0
동물보호관리협회,63,0,0.0,0,0.0
동부동물병원,24,0,0.0,0,0.0
동부동물보호협회,80,0,0.0,0,0.0
동부유기동물보호협회,167,0,0.0,0,0.0
동인동물병원,9,0,0.0,0,0.0
동해시동물보호센터,48,0,0.0,0,0.0
동행동물병원,14,0,0.0,0,0.0
둔촌동물병원,22,0,0.0,0,0.0
디아크 동물종합병원,79,0,0.0,0,0.0
디아크동물종합병원,61,0,0.0,0,0.0
링크늘푸른동물병원,59,0,0.0,0,0.0
마포구청,2,0,0.0,0,0.0
목포시유기동물보호소,121,0,0.0,0,0.0
무안군유기동물보호소,46,0,0.0,0,0.0
무주군,7,0,0.0,0,0.0
박영재동물병원,18,0,0.0,0,0.0
반려동물보호센터,392,0,0.0,0,0.0
베스트동물병원,70,0,0.0,0,0.0
보람동물병원,40,0,0.0,0,0.0
보령길고양이보호협회,52,0,0.0,0,0.0
보령시유기동물보호소,54,0,0.0,0,0.0
보성유기동물보호센터,69,0,0.0,0,0.0
보은군동물보호센터,14,0,0.0,0,0.0
봉화군유기동물보호소,12,0,0.0,0,0.0
부산동물보호센터,754,0,0.0,0,0.0
부안군 동물보호센터,178,0,0.0,0,0.0
부천시수의사회,7,0,0.0,0,0.0
사단법인 동부,81,0,0.0,0,0.0
사단법인 포유,19,0,0.0,0,0.0
사랑동물병원,17,0,0.0,0,0.0
사랑플러스동물병원,17,0,0.0,0,0.0
산청동물보호센터,23,0,0.0,0,0.0
산타클라라동물병원,88,0,0.0,0,0.0
삼산종합동물병원,48,0,0.0,0,0.0
서산시 동물보호센터,217,0,0.0,0,0.0
서천군유기동물보호소,24,0,0.0,0,0.0
서초동물사랑센터,5,0,0.0,0,0.0
성동구청,1,0,0.0,0,0.0
성주군동물보호센터,73,0,0.0,0,0.0
세우리동물병원,55,0,0.0,0,0.0
세인트동물병원,4,0,0.0,0,0.0
세종유기동물보호센터,76,0,0.0,0,0.0
속초시유기동물보호소,80,0,0.0,0,0.0
수원시 동물보호센터,173,0,0.0,0,0.0
순창유기동물보호소,4,0,0.0,0,0.0
순천시유기동물보호소,84,0,0.0,0,0.0
쉼터 동물의료센터,30,0,0.0,0,0.0
쉼터동물병원,17,0,0.0,0,0.0
스마일동물병원,18,0,0.0,0,0.0
시민동물병원,39,0,0.0,0,0.0
시흥동물누리보호센터,121,0,0.0,0,0.0
신공항동물병원,134,0,0.0,0,0.0
신세계동물병원,23,0,0.0,0,0.0
신안군유기동물보호소,50,0,0.0,0,0.0
신영재동물병원,112,0,0.0,0,0.0
아산동물복지지원센터,122,0,0.0,0,0.0
아지동물병원,1,0,0.0,0,0.0
안성시동물보호센터,232,0,0.0,0,0.0
양구군유기동물보호소,15,0,0.0,0,0.0
양산시 동물보호센터,31,0,0.0,0,0.0
양양군유기동물보호소,15,0,0.0,0,0.0
영광동물보호센터,66,0,0.0,0,0.0
영덕반려동물입양센터,13,0,0.0,0,0.0
영덕유기동물보호센터,38,0,0.0,0,0.0
영월군 동물보호센터,6,0,0.0,0,0.0
영주시 동물보호센터,90,0,0.0,0,0.0
영천유기동물보호센터,88,0,0.0,0,0.0
예산임시동물보호센터,64,0,0.0,0,0.0
예천군유기동물보호소,43,0,0.0,0,0.0
오렌지동물병원,1,0,0.0,0,0.0
오산 유기동물보호소,47,0,0.0,0,0.0
옥천동물병원,132,0,0.0,0,0.0
완주군유기동물보호소,65,0,0.0,0,0.0
용인시 동물보호센터,153,0,0.0,0,0.0
울산유기동물보호센터,421,0,0.0,0,0.0
울산유기동물입양센터,55,0,0.0,0,0.0
울진군 동물보호센터,64,0,0.0,0,0.0
웰케어 동물병원,1,0,0.0,0,0.0
위더스 동물보호센터,207,0,0.0,0,0.0
유기동물 삼호 보호소,108,0,0.0,0,0.0
유기동물보호센터,31,0,0.0,0,0.0
유기동물임시보호센터,40,0,0.0,0,0.0
음성군 동물보호센터,186,0,0.0,0,0.0
의령군 동물보호센터,62,0,0.0,0,0.0
의성동물보호센터,75,0,0.0,0,0.0
이상윤동물병원,9,0,0.0,0,0.0
이서동물병원,20,0,0.0,0,0.0
익산유기동물보호소,491,0,0.0,0,0.0
인월동물병원,46,0,0.0,0,0.0
인제군동물보호센터,54,0,0.0,0,0.0
인천광역시수의사회,1,0,0.0,0,0.0
일산동물의료센터,11,0,0.0,0,0.0
임실유기동물보호센터,66,0,0.0,0,0.0
장성군동물보호센터,53,0,0.0,0,0.0
장수군 동물보호센터,3,0,0.0,0,0.0
장수군 보호소,2,0,0.0,0,0.0
장흥군 동물보호센터,62,0,0.0,0,0.0
전북말산업복합센터,82,0,0.0,0,0.0
점곡동물보호센터,18,0,0.0,0,0.0
정샘동물병원,29,0,0.0,0,0.0
정선가축병원,30,0,0.0,0,0.0
정읍시 동물보호소,111,0,0.0,0,0.0
제니스동물병원,87,0,0.0,0,0.0
제일동물병원,45,0,0.0,0,0.0
제주애니시스(주),3,0,0.0,0,0.0
제천시 동물보호센터,29,0,0.0,0,0.0
조은동물병원,1,0,0.0,0,0.0
조재진동물병원,47,0,0.0,0,0.0
종합축산,106,0,0.0,0,0.0
주동물병원,70,0,0.0,0,0.0
증평 가정견 훈련소,117,0,0.0,0,0.0
진도군임시보호소,17,0,0.0,0,0.0
진안군유기동물보호소,23,0,0.0,0,0.0
창녕 유기동물보호소,157,0,0.0,0,0.0
천안시 동물보호센터,217,0,0.0,0,0.0
철원군,70,0,0.0,0,0.0
청도군동물보호센터,66,0,0.0,0,0.0
청양보호소,19,0,0.0,0,0.0
청원동물병원,37,0,0.0,0,0.0
청조동물병원,79,0,0.0,0,0.0
최동물병원,81,0,0.0,0,0.0
최종주동물병원,60,0,0.0,0,0.0
춘천시 동물보호센터,141,0,0.0,0,0.0
충주시동물보호센터,55,0,0.0,0,0.0
칠곡유기동물보호센터,50,0,0.0,0,0.0
태민동물보호센터,80,0,0.0,0,0.0
태백시유기동물보호소,52,0,0.0,0,0.0
통영시동물보호센터,36,0,0.0,0,0.0
펫동물병원,20,0,0.0,0,0.0
펫앤쉘터동물병원,192,0,0.0,0,0.0
펫토이동물병원,1,0,0.0,0,0.0
평창군유기동물보호소,15,0,0.0,0,0.0
평택시동물보호센터,229,0,0.0,0,0.0
프렌즈동물병원,40,0,0.0,0,0.0
하나동물병원,86,0,0.0,0,0.0
하남동물보호센터,29,0,0.0,0,0.0
하동군유기동물보호소,42,0,0.0,0,0.0
학교임시동물보호센터,105,0,0.0,0,0.0
한국동물구조관리협회,2007,0,0.0,0,0.0
한국야생동물보호협회,445,0,0.0,0,0.0
한국유기동물복지협회,4,0,0.0,0,0.0
한마음동물병원,104,0,0.0,0,0.0
한빛동물병원,1,0,0.0,0,0.0
함안군동물보호센터,84,0,0.0,0,0.0
함양군 동물보호센터,21,0,0.0,0,0.0
해남유기동물보호센터,95,0,0.0,0,0.0
해운대구 입양센터,15,0,0.0,0,0.0
행복한동물병원,112,0,0.0,0,0.0
허동물병원,15,0,0.0,0,0.0
홍성반려동물문화센터,52,0,0.0,0,0.0
홍익동물병원,63,0,0.0,0,0.0
홍천군유기동물보호소,17,0,0.0,0,0.0
화성시민동물보호센터,409,0,0.0,0,0.0
화순군유기동물보호소,77,0,0.0,0,0.0
화원연합동물병원,73,0,0.0,0,0.0
화천군농업기술센터,12,0,0.0,0,0.0
횡성반려동물보호센터,27,0,0.0,0,0.0
효자동물병원,24,0,0.0,0,0.0
